permutation,chi2_muv,KW_pseudovulva,RD_50_vs_0,RD_100_vs_0,RD_100_vs_50,ordered_stat_muv,strict_muv_order,threshold2_order,threshold2_RD_50_vs_0,threshold2_RD_100_vs_0,threshold2_RD_100_vs_50
1,5.9658916877678205,5.447848527685846,0.14410163339382936,0.14880382775119622,0.004702194357366851,-0.14880382775119622,False,False,0.14019963702359345,0.13915470494417864,-0.0010449320794148065
2,5.902121515601827,7.466750685456164,0.052268602540834874,-0.09872408293460921,-0.1509926854754441,0.09872408293460921,False,False,0.05889292196007262,-0.09027113237639556,-0.14916405433646818
3,3.1980508360041693,3.8502763875326966,0.07522686025408343,-0.0368421052631579,-0.11206896551724133,0.0368421052631579,False,False,0.04165154264972776,-0.07511961722488036,-0.11677115987460812
4,6.456935335905291,5.628612667479249,-0.01569872958257712,-0.1484051036682616,-0.13270637408568448,0.1484051036682616,True,True,-0.10099818511796727,-0.14122807017543854,-0.04022988505747127
5,1.3876285265891493,1.8007179397702704,0.08094373865698723,0.040191387559808556,-0.040752351097178674,-0.040191387559808556,False,False,0.10480943738656989,0.033492822966507185,-0.07131661442006271
6,3.5517621321755457,2.3288326037797327,-0.12967332123411984,-0.075598086124402,0.054075235109717845,0.075598086124402,False,False,-0.08475499092558991,-0.04609250398724085,0.03866248693834906
7,2.1993104655215268,2.133062820556591,0.0014519056261342866,0.08269537480063793,0.08124346917450365,-0.08269537480063793,False,False,-0.03212341197822144,0.04441786283891547,0.0765412748171369
8,1.0308974729614435,1.1338655755510691,0.05989110707803991,0.003987240829346095,-0.05590386624869381,-0.003987240829346095,False,False,0.0368421052631579,-0.01618819776714514,-0.05303030303030304
9,0.5716945027090732,1.7992081733144836,-0.008076225045372087,-0.04569377990430623,-0.037617554858934144,0.04569377990430623,True,True,-0.015789473684210575,-0.10669856459330146,-0.09090909090909088
10,0.24895792456400379,0.12310521616088858,-0.033938294010889325,-0.022966507177033524,0.010971786833855801,0.022966507177033524,False,False,0.023411978221415608,0.05031897926634771,0.0269070010449321
11,3.026102293785015,3.8428841425957754,-0.09618874773139746,0.004385964912280715,0.10057471264367818,-0.004385964912280715,False,False,-0.10871143375680581,0.0023125996810207106,0.11102403343782652
12,0.8197697981563262,0.8120596427698483,0.027313974591651524,0.059968102073365226,0.0326541274817137,-0.059968102073365226,False,False,0.014791288566243233,0.05789473684210528,0.043103448275862044
13,1.1361782081024725,1.8913738845492256,0.07041742286751351,0.02208931419457727,-0.04832810867293624,-0.02208931419457727,False,False,0.0856624319419238,0.02296650717703347,-0.06269592476489033
14,0.5539867338015625,1.4355468444834492,0.044555353901996275,0.04481658692184998,0.0002612330198537016,-0.04481658692184998,False,False,0.08756805807622503,0.04864433811802238,-0.03892371995820265
15,1.511027806468147,1.8600000956585894,0.0742286751361162,0.07344497607655509,-0.0007836990595611049,-0.07344497607655509,False,False,0.08275862068965517,0.10757575757575755,0.024817136886102376
16,1.1744136664833331,1.5516452406612682,-0.049274047186932846,0.01786283891547058,0.06713688610240343,-0.01786283891547058,False,False,-0.06370235934664248,-0.00988835725677828,0.0538140020898642
17,2.3073223048326157,2.639016177705964,0.09818511796733209,0.025039872408293418,-0.07314524555903867,-0.025039872408293418,False,False,0.12395644283121593,0.04401913875598085,-0.07993730407523508
18,4.854032535217055,5.957224887324088,-0.1162431941923775,-0.14210526315789473,-0.025862068965517238,0.14210526315789473,True,True,-0.12014519056261341,-0.15175438596491225,-0.03160919540229884
19,0.09862507266643278,0.9232853111449215,-0.006170598911070746,-0.020015948963317376,-0.01384535005224663,0.020015948963317376,True,True,-0.04165154264972781,-0.08397129186602875,-0.04231974921630094
20,0.9121943600090142,0.5136180345887611,-0.05499092558983665,-0.059170653907495985,-0.004179728317659337,0.059170653907495985,True,False,-0.037840290381125186,-0.03261562998405104,0.005224660397074143
21,3.063771547642814,3.1747187751829498,-0.10671506352087107,-0.01371610845295046,0.09299895506792061,0.01371610845295046,False,False,-0.1039019963702359,-0.05661881977671446,0.04728317659352144
22,1.1239548516340268,1.4714907651950075,0.07232304900181485,0.047767145135566125,-0.02455590386624873,-0.047767145135566125,False,False,0.07032667876588022,0.06379585326953752,-0.006530825496342707
23,8.327242100171173,8.671891455371913,-0.19764065335753173,-0.1252791068580542,0.07236154649947751,0.1252791068580542,False,False,-0.1718693284936479,-0.10629984051036684,0.06556948798328105
24,0.12256109132762255,0.6320397362393538,0.023502722323048952,0.008612440191387516,-0.014890282131661436,-0.008612440191387516,False,False,0.06460980036297642,-0.013237639553429048,-0.07784743991640547
25,1.7820843443220122,3.2138207666661365,0.08956442831215972,0.03261562998405099,-0.05694879832810873,-0.03261562998405099,False,False,0.13638838475499093,0.08779904306220099,-0.048589341692789945
26,0.24895792456400379,0.340792152776172,-0.033938294010889325,-0.022966507177033524,0.010971786833855801,0.022966507177033524,False,True,-0.0033575317604355726,-0.06291866028708132,-0.059561128526645746
27,4.386680660652388,4.843759855140624,-0.01379310344827589,-0.12272727272727268,-0.1089341692789968,0.12272727272727268,True,True,-0.0368421052631579,-0.14290271132376398,-0.10606060606060608
28,1.1782771796995168,1.8655017647846104,-0.07032667876588028,-0.018341307814992103,0.05198537095088818,0.018341307814992103,False,False,-0.07041742286751362,0.02336523125996809,0.09378265412748171
29,4.816063526023518,5.76709729194035,-0.14210526315789473,-0.11937799043062203,0.022727272727272707,0.11937799043062203,False,False,-0.14600725952813065,-0.12902711323763955,0.016980146290491105
30,2.071470365853809,4.7151079365889546,0.01778584392014515,-0.06842105263157894,-0.08620689655172409,0.06842105263157894,False,False,0.06941923774954634,-0.07216905901116427,-0.1415882967607106
31,2.9400392062796614,2.036801796168515,-0.11243194192377504,-0.09074960127591714,0.0216823406478579,0.09074960127591714,False,False,-0.09528130671506352,-0.06419457735247208,0.031086729362591436
32,1.0308974729614435,2.136876832885215,0.05989110707803991,0.003987240829346095,-0.05590386624869381,-0.003987240829346095,False,False,0.08375680580762251,-0.002711323763955331,-0.08646812957157785
33,1.8979897408075466,2.2193664393615755,0.04745916515426496,-0.039792663476874046,-0.087251828631139,0.039792663476874046,False,False,0.01578947368421052,-0.05239234449760766,-0.06818181818181818
34,4.16836995983902,2.528939588658635,0.08384754990925591,-0.04441786283891547,-0.12826541274817138,0.04441786283891547,False,False,0.024410163339382895,-0.059968102073365226,-0.08437826541274812
35,1.7599357556257829,0.453805761073022,0.056987295825771334,0.08859649122807023,0.031609195402298895,-0.08859649122807023,False,False,-0.023502722323049008,0.0368421052631579,0.060344827586206906
36,7.040514566390175,8.974746951216384,-0.15453720508166968,-0.16315789473684206,-0.008620689655172376,0.16315789473684206,True,True,-0.1775862068965517,-0.1833333333333333,-0.005747126436781602
37,2.2803443246161526,1.405866062519172,-0.10190562613430132,-0.07264752791068585,0.02925809822361547,0.07264752791068585,False,False,-0.056987295825771334,-0.04314194577352476,0.013845350052246574
38,1.7819178135799354,1.9539210318725808,-0.05789473684210522,0.02543859649122815,0.08333333333333337,-0.02543859649122815,False,False,-0.05317604355716882,0.00821371610845295,0.06138975966562177
39,2.178216571525116,1.8381410968328264,0.08765880217785837,0.006937799043062132,-0.08072100313479624,-0.006937799043062132,False,False,0.06651542649727765,0.012440191387559807,-0.054075235109717845
40,2.7338630455389628,2.637637209988355,-0.05880217785843922,-0.1105263157894737,-0.051724137931034475,0.1105263157894737,True,True,-0.06941923774954623,-0.08692185007974479,-0.017502612330198564
41,2.3815950157989194,3.2997242109231246,-0.0674228675136116,-0.10295055821371613,-0.03552769070010453,0.10295055821371613,True,True,-0.04165154264972781,-0.08397129186602875,-0.04231974921630094
42,0.621487194590074,0.7763288875864626,0.0359346642468239,0.05239234449760766,0.016457680250783757,-0.05239234449760766,False,False,-0.05317604355716882,0.00821371610845295,0.06138975966562177
43,0.05221850587433138,0.05104777869823145,-0.014791288566243121,-0.012440191387559807,0.0023510971786833146,0.012440191387559807,False,False,-0.016787658802177807,0.0035885167464115297,0.020376175548589337
44,0.4029433507377954,0.41545975874748636,-0.0425589836660617,-0.015390749601275955,0.027168234064785746,0.015390749601275955,False,False,-0.056987295825771334,-0.04314194577352476,0.013845350052246574
45,0.09862507266643278,0.2667619606716404,-0.006170598911070746,-0.020015948963317376,-0.01384535005224663,0.020015948963317376,True,False,0.00907441016333943,-0.019138755980861233,-0.028213166144200663
46,0.3896430954705861,0.3921206556367802,0.042649727767695156,0.019138755980861233,-0.023510971786833923,-0.019138755980861233,False,True,-0.0033575317604355726,-0.06291866028708132,-0.059561128526645746
47,0.5716945027090732,0.378150633321659,-0.008076225045372087,-0.04569377990430623,-0.037617554858934144,0.04569377990430623,True,False,-0.06560798548094376,-0.035566188197767135,0.03004179728317663
48,1.7552284866497414,0.903924349150403,-0.028221415607985523,0.05406698564593304,0.08228840125391856,-0.05406698564593304,False,False,0.06170598911070785,0.07137161084529509,0.009665621734587238
49,3.170873018897219,1.9322301663331636,0.08666061705989109,0.11722488038277518,0.03056426332288409,-0.11722488038277518,False,False,0.025317604355716894,0.07599681020733651,0.05067920585161961
50,1.377081579590945,3.7427929218328724,0.03784029038112524,0.07807017543859651,0.04022988505747127,-0.07807017543859651,False,False,0.14210526315789473,0.16483253588516744,0.022727272727272707
51,0.37290120486711914,1.2283971905857851,0.021597096188747722,-0.01706539074960134,-0.03866248693834906,0.01706539074960134,False,False,0.07513611615245014,0.004864433811802238,-0.0702716823406479
52,3.7227225919917153,2.181666629635572,0.003357531760435517,0.10837320574162679,0.10501567398119127,-0.10837320574162679,False,False,0.03393829401088927,0.06842105263157894,0.03448275862068967
53,6.344593697300204,4.357547045521743,-0.16415607985480946,-0.04529505582137161,0.11886102403343785,0.04529505582137161,False,False,-0.06851179673321234,0.049043062200956944,0.11755485893416928
54,0.5837846345838578,0.952900226187403,0.011070780399274116,-0.035167464114832514,-0.04623824451410663,0.035167464114832514,False,False,0.026315789473684237,-0.03429027113237637,-0.06060606060606061
55,1.2588447527163302,0.5672944509244942,0.03883847549909247,-0.03221690590111648,-0.07105538140020895,0.03221690590111648,False,False,0.01960072595281309,-0.0010366826156300024,-0.020637408568443094
56,2.8303509574983305,1.756386208650683,-0.10381125226860255,-0.0983253588516747,0.005485893416927845,0.0983253588516747,False,False,-0.091470054446461,-0.012838915470494427,0.07863113897596657
57,0.6877109196893278,0.6812853159040013,-0.051179673321234076,-0.007814992025518386,0.04336468129571569,0.007814992025518386,False,False,-0.03402903811252267,0.018740031897926668,0.05276907001044934
58,0.3896430954705861,0.16006823425126776,0.042649727767695156,0.019138755980861233,-0.023510971786833923,-0.019138755980861233,False,False,0.030127041742286753,0.017065390749601284,-0.01306165099268547
59,0.6245957684421753,0.8314627270148376,0.040744101633393814,-0.006539074960127622,-0.04728317659352144,0.006539074960127622,False,False,0.04736842105263156,0.00191387559808609,-0.04545454545454547
60,2.1296340030365415,1.9590637686624273,-0.09999999999999998,-0.046969696969696995,0.05303030303030298,0.046969696969696995,False,False,-0.08284936479128857,-0.020414673046251997,0.062434691745036575
61,2.0051578243587795,1.7398609708736108,-0.0013611615245009423,-0.07894736842105265,-0.07758620689655171,0.07894736842105265,True,True,-0.01388384754990929,-0.0810207336523126,-0.06713688610240331
62,0.9408376476462443,1.161205768544215,0.0005444646098003991,-0.0532695374800638,-0.0538140020898642,0.0532695374800638,False,True,-0.050272232304900244,-0.07639553429027118,-0.02612330198537094
63,1.1176266834351045,0.7822937031928225,0.04646098003629762,0.07049441786283894,0.024033437826541326,-0.07049441786283894,False,False,0.03203266787658804,0.04274322169059014,0.0107105538140021
64,0.4029433507377954,0.2864297568802189,-0.0425589836660617,-0.015390749601275955,0.027168234064785746,0.015390749601275955,False,False,-0.008166969147005432,-0.003987240829346039,0.0041797283176593925
65,0.67652005382176,0.3266881487008162,0.008166969147005432,0.04944178628389162,0.04127481713688619,-0.04944178628389162,False,False,-0.027313974591651524,-0.014513556618819756,0.012800417972831768
66,0.14365498532403265,0.7955646758772876,0.006261343012704201,0.023763955342902654,0.017502612330198453,-0.023763955342902654,False,False,0.07223230490018151,0.08947368421052632,0.017241379310344807
67,0.8238997605598323,1.0684235814358054,-0.06170598911070779,-0.025917065390749672,0.03578892371995812,0.025917065390749672,False,False,-0.0742286751361162,-0.027990430622009566,0.04623824451410663
68,0.9121943600090142,1.402891772141366,-0.05499092558983665,-0.059170653907495985,-0.004179728317659337,0.059170653907495985,True,False,-0.09528130671506352,-0.06419457735247208,0.031086729362591436
69,1.01133566179214,0.263063082755183,-0.04637023593466416,-0.06674641148325355,-0.020376175548589393,0.06674641148325355,True,False,0.01098003629764066,0.006539074960127622,-0.0044409613375130386
70,0.9121943600090142,1.6671549103913985,-0.05499092558983665,-0.059170653907495985,-0.004179728317659337,0.059170653907495985,True,True,-0.07803992740471866,-0.07934609250398722,-0.0013061650992685636
71,2.6011491461531335,2.0024884855786307,0.1106170598911071,0.0688197767145135,-0.04179728317659359,-0.0688197767145135,False,False,0.10671506352087118,0.05917065390749604,-0.04754440961337514
72,0.14365498532403265,0.12664668968992965,0.006261343012704201,0.023763955342902654,0.017502612330198453,-0.023763955342902654,False,False,-0.008166969147005432,-0.003987240829346039,0.0041797283176593925
73,1.766819026298293,0.7946397827600019,-0.0913793103448276,-0.054545454545454564,0.03683385579937304,0.054545454545454564,False,False,-0.008166969147005432,-0.003987240829346039,0.0041797283176593925
74,1.7673186185245264,2.0377251616637073,0.029219600725952755,0.08564593301435408,0.056426332288401326,-0.08564593301435408,False,False,0.03393829401088927,0.06842105263157894,0.03448275862068967
75,0.67652005382176,0.5384610539111998,0.008166969147005432,0.04944178628389162,0.04127481713688619,-0.04944178628389162,False,False,0.049274047186932846,0.027591706539075,-0.021682340647857845
76,2.9736451100307857,4.065035622956778,0.08575317604355714,-0.018740031897926612,-0.10449320794148376,0.018740031897926612,False,False,0.052177858439201474,-0.05701754385964908,-0.10919540229885055
77,0.1703998225015857,0.3954808981901356,-0.012885662431942002,0.013237639553428937,0.02612330198537094,-0.013237639553428937,False,False,-0.006261343012704146,0.02169059011164276,0.027951933124346906
78,2.071470365853809,3.504812141651979,0.01778584392014515,-0.06842105263157894,-0.08620689655172409,0.06842105263157894,False,True,-0.00907441016333932,-0.13995215311004783,-0.1308777429467085
79,2.2803443246161526,0.5877664185654458,-0.10190562613430132,-0.07264752791068585,0.02925809822361547,0.07264752791068585,False,False,-0.037840290381125186,-0.03261562998405104,0.005224660397074143
80,1.3876285265891493,2.525063637275205,0.08094373865698723,0.040191387559808556,-0.040752351097178674,-0.040191387559808556,False,False,0.0732304900181488,-0.020813397129186617,-0.09404388714733541
81,0.6003044841978882,1.2720253448717729,-0.05308529945553542,-0.03349282296650724,0.019592476489028177,0.03349282296650724,False,False,-0.08666061705989109,-0.07177033492822965,0.014890282131661436
82,3.1774454321845202,3.409662148824075,0.11733212341197818,0.035566188197767135,-0.08176593521421105,-0.035566188197767135,False,False,0.11343012704174227,0.025917065390749616,-0.08751306165099265
83,0.3896430954705861,0.3710016751121607,0.042649727767695156,0.019138755980861233,-0.023510971786833923,-0.019138755980861233,False,False,0.06460980036297642,-0.013237639553429048,-0.07784743991640547
84,2.715722296702051,2.888320587849013,-0.011887477313974548,-0.09704944178628383,-0.08516196447230928,0.09704944178628383,True,True,-0.06079854809437385,-0.09449760765550236,-0.03369905956112851
85,2.889014186907293,2.983925447004645,-0.03103448275862064,-0.10757575757575755,-0.0765412748171369,0.10757575757575755,True,False,0.05408348457350276,-0.03133971291866028,-0.08542319749216304
86,0.14365498532403265,0.11757924044834964,0.006261343012704201,0.023763955342902654,0.017502612330198453,-0.023763955342902654,False,False,0.017695099818511806,-0.026714513556618802,-0.04440961337513061
87,1.148834544500319,0.9347967184981756,0.018693284936479038,0.0675438596491228,0.04885057471264376,-0.0675438596491228,False,False,0.03203266787658804,0.04274322169059014,0.0107105538140021
88,0.22575464116795285,0.28488940414483965,-0.02531760435571684,-0.030542264752791093,-0.0052246603970742544,0.030542264752791093,True,False,-0.027313974591651524,-0.014513556618819756,0.012800417972831768
89,0.09862507266643278,0.3005761765235233,-0.006170598911070746,-0.020015948963317376,-0.01384535005224663,0.020015948963317376,True,False,0.03874773139745913,0.009489633173843659,-0.02925809822361547
90,1.071786321166063,0.7000836205006576,0.04936479128856619,-0.014114832535885191,-0.06347962382445138,0.014114832535885191,False,False,0.017695099818511806,-0.026714513556618802,-0.04440961337513061
91,1.1782771796995168,0.985558445578966,-0.07032667876588028,-0.018341307814992103,0.05198537095088818,0.018341307814992103,False,False,-0.0742286751361162,-0.027990430622009566,0.04623824451410663
92,1.8234505806539179,1.8728077962155396,-0.08947368421052626,-0.02886762360446571,0.06060606060606055,0.02886762360446571,False,False,-0.0426497277676951,0.026315789473684237,0.06896551724137934
93,2.3290379135994472,2.9155391396522483,0.10199637023593461,0.07639553429027107,-0.025600835945663536,-0.07639553429027107,False,False,0.10862068965517235,0.08484848484848484,-0.023772204806687514
94,2.2803443246161526,3.325173313073481,-0.10190562613430132,-0.07264752791068585,0.02925809822361547,0.07264752791068585,False,False,-0.12495462794918333,-0.09282296650717708,0.03213166144200624
95,0.12610264510912467,0.01435922357504768,0.012976406533575235,-0.00948963317384377,-0.022466039707419005,0.00948963317384377,False,False,-0.016787658802177807,0.0035885167464115297,0.020376175548589337
96,4.044160230348584,3.4971564713939194,0.13838475499092556,0.07177033492822965,-0.06661442006269591,-0.07177033492822965,False,False,0.10671506352087118,0.05917065390749604,-0.04754440961337514
97,2.9736451100307857,2.5500966493434163,0.08575317604355714,-0.018740031897926612,-0.10449320794148376,0.018740031897926612,False,False,0.0732304900181488,-0.020813397129186617,-0.09404388714733541
98,1.377081579590945,1.0315619215420662,0.03784029038112524,0.07807017543859651,0.04022988505747127,-0.07807017543859651,False,False,0.09809437386569869,0.06674641148325361,-0.03134796238244508
99,1.1176266834351045,0.7511371716168977,0.04646098003629762,0.07049441786283894,0.024033437826541326,-0.07049441786283894,False,False,0.04065335753176047,0.03516746411483257,-0.0054858934169279006
100,0.27581378223627495,0.016627210397783518,0.0024500907441016295,-0.027591706539074945,-0.030041797283176574,0.027591706539074945,False,False,-0.035934664246823955,-0.006937799043062187,0.028996865203761768
101,3.5196994133010024,4.383607702439464,0.01588021778584392,-0.09409888357256779,-0.10997910135841171,0.09409888357256779,False,False,0.0014519056261342866,-0.12185007974481665,-0.12330198537095094
102,3.389272536106362,1.6717868090787336,-0.07513611615245003,0.04059011164274329,0.11572622779519331,-0.04059011164274329,False,False,-0.06370235934664248,-0.00988835725677828,0.0538140020898642
103,5.853094865134381,4.670509519045086,-0.15263157894736845,-0.1374800637958533,0.015151515151515138,0.1374800637958533,False,False,-0.12495462794918333,-0.09282296650717708,0.03213166144200624
104,3.903075385661017,3.8069910390742847,0.12595281306715067,0.027990430622009566,-0.0979623824451411,-0.027990430622009566,False,False,0.1450090744101633,0.08022328548644342,-0.06478578892371989
105,3.577618805395356,4.809273958903804,-0.1277676950998185,-0.04992025518341314,0.07784743991640536,0.04992025518341314,False,False,-0.14410163339382936,-0.10334928229665069,0.040752351097178674
106,0.1703998225015857,0.12771310260267077,-0.012885662431942002,0.013237639553428937,0.02612330198537094,-0.013237639553428937,False,False,-0.016787658802177807,0.0035885167464115297,0.020376175548589337
107,4.086159283500384,4.250661471830847,0.04165154264972776,0.12942583732057417,0.08777429467084641,-0.12942583732057417,False,False,0.10190562613430126,0.11810207336523126,0.01619644723093
108,0.12256109132762255,0.26012684849889917,0.023502722323048952,0.008612440191387516,-0.014890282131661436,-0.008612440191387516,False,False,0.03203266787658804,0.04274322169059014,0.0107105538140021
109,3.0033208882688904,3.6952742412299284,-0.0865698729582578,-0.11347687400318984,-0.026907001044932044,0.11347687400318984,True,True,-0.09909255898366609,-0.11555023923444979,-0.0164576802507837
110,0.7504819074028543,1.4375595963779522,0.030217785843920097,-0.024641148325358908,-0.054858934169279006,0.024641148325358908,False,False,0.05408348457350276,-0.03133971291866028,-0.08542319749216304
111,2.6011491461531335,2.7203167895197278,0.1106170598911071,0.0688197767145135,-0.04179728317659359,-0.0688197767145135,False,False,0.08947368421052632,0.07432216905901118,-0.015151515151515138
112,0.6172684157907917,0.2783440292121178,0.05317604355716876,0.03724082934609241,-0.015935214211076354,-0.03724082934609241,False,False,-0.0043557168784029154,0.04736842105263156,0.051724137931034475
113,1.1176266834351045,0.8447330359199791,0.04646098003629762,0.07049441786283894,0.024033437826541326,-0.07049441786283894,False,False,0.05308529945553542,0.07894736842105265,0.025862068965517238
114,2.178216571525116,3.4412529364051623,0.08765880217785837,0.006937799043062132,-0.08072100313479624,-0.006937799043062132,False,False,0.10961887477313975,-0.025438596491228038,-0.1350574712643678
115,2.1771618768252967,0.17871326273164378,0.08475499092558986,0.09154704944178632,0.006792058516196464,-0.09154704944178632,False,False,0.00045372050816699927,-0.011562998405103664,-0.012016718913270663
116,8.443103088458823,5.477608423178627,0.13938294010889285,-0.03851674641148328,-0.17789968652037613,0.03851674641148328,False,False,0.10099818511796738,-0.01786283891547047,-0.11886102403343785
117,1.5347861923377852,2.8830338907848505,-0.08275862068965512,-0.06212121212121213,0.020637408568442983,0.06212121212121213,False,False,-0.12686025408348456,-0.11850079744816583,0.00835945663531873
118,2.0051578243587795,0.7611992044270833,-0.0013611615245009423,-0.07894736842105265,-0.07758620689655171,0.07894736842105265,True,True,-0.03974591651542653,-0.0582934609250399,-0.01854754440961337
119,1.766819026298293,1.6216650925916953,-0.0913793103448276,-0.054545454545454564,0.03683385579937304,0.054545454545454564,False,True,-0.07803992740471866,-0.07934609250398722,-0.0013061650992685636
120,0.6448792128271446,0.5244254122167731,0.05127041742286753,0.011562998405103664,-0.03970741901776387,-0.011562998405103664,False,False,0.04736842105263156,0.00191387559808609,-0.04545454545454547
121,0.37290120486711914,0.6356728706642831,0.021597096188747722,-0.01706539074960134,-0.03866248693834906,0.01706539074960134,False,False,0.06651542649727765,0.012440191387559807,-0.054075235109717845
122,5.356333661518937,3.5940370452264223,0.10771324863883841,0.15342902711323764,0.04571577847439923,-0.15342902711323764,False,False,0.08275862068965517,0.10757575757575755,0.024817136886102376
123,0.5716945027090732,0.1995876985271173,-0.008076225045372087,-0.04569377990430623,-0.037617554858934144,0.04569377990430623,True,False,0.01960072595281309,-0.0010366826156300024,-0.020637408568443094
124,2.069405384652055,1.7778040142213092,-0.08466424682395646,-0.08779904306220099,-0.0031347962382445305,0.08779904306220099,True,False,-0.08475499092558991,-0.04609250398724085,0.03866248693834906
125,1.5700907096580945,1.8694108914177787,0.06560798548094371,0.08102073365231266,0.01541274817136895,-0.08102073365231266,False,False,0.05308529945553542,0.07894736842105265,0.025862068965517238
126,0.9910633194566454,2.370083598997286,0.06370235934664248,0.055342902711323694,-0.008359456635318785,-0.055342902711323694,False,False,0.10381125226860255,0.14377990430622006,0.039968652037617514
127,1.148834544500319,0.5073840237152026,0.018693284936479038,0.0675438596491228,0.04885057471264376,-0.0675438596491228,False,False,0.0023593466424682297,0.014114832535885191,0.011755485893416961
128,0.024851953926357973,0.1225176416734015,-0.004264972776769516,0.005661881977671368,0.009926854754440884,-0.005661881977671368,False,True,-0.01869328493647915,-0.02208931419457738,-0.003396029258098232
129,7.8640201880100165,7.478474399865079,0.10970961887477315,-0.06714513556618817,-0.17685475444096133,0.06714513556618817,False,False,0.16705989110707803,0.0061403508771930015,-0.16091954022988503
130,0.3081873584960286,0.20427545800381705,0.03212341197822144,0.001036682615629947,-0.031086729362591492,-0.001036682615629947,False,False,0.00907441016333943,-0.019138755980861233,-0.028213166144200663
131,0.06771696693695724,0.015207480296112337,0.014882032667876577,0.016188197767145085,0.001306165099268508,-0.016188197767145085,False,False,-0.006261343012704146,0.02169059011164276,0.027951933124346906
132,6.8086482631717455,7.788896189471853,-0.1784936479128857,-0.1147527910685806,0.06374085684430508,0.1147527910685806,False,False,-0.20344827586206893,-0.16060606060606059,0.04284221525600834
133,0.12610264510912467,0.038127084070391684,0.012976406533575235,-0.00948963317384377,-0.022466039707419005,0.00948963317384377,False,False,-0.008166969147005432,-0.003987240829346039,0.0041797283176593925
134,4.235282012005526,3.3484206640793004,-0.14019963702359345,-0.09370015948963317,0.046499477533960276,0.09370015948963317,False,False,-0.11633393829401095,-0.10039872408293465,0.0159352142110763
135,8.204009351034257,6.328212534330629,0.1939201451905626,0.07767145135566184,-0.11624869383490077,-0.07767145135566184,False,False,0.16225045372050817,0.06507177033492823,-0.09717868338557994
136,2.0051578243587795,2.707872876001125,-0.0013611615245009423,-0.07894736842105265,-0.07758620689655171,0.07894736842105265,True,False,0.003357531760435517,-0.09617224880382774,-0.09952978056426326
137,16.290864308833655,17.484853734685412,-0.1632486388384755,0.09066985645933012,0.25391849529780564,-0.09066985645933012,False,False,-0.16715063520871143,0.08102073365231266,0.2481713688610241
138,3.247610384846261,3.125795225312661,-0.11724137931034478,-0.031818181818181746,0.08542319749216304,0.031818181818181746,False,False,-0.10871143375680581,0.0023125996810207106,0.11102403343782652
139,0.06771696693695724,0.03669441875019073,0.014882032667876577,0.016188197767145085,0.001306165099268508,-0.016188197767145085,False,True,-0.010072595281306718,-0.02966507177033495,-0.019592476489028232
140,5.23888508015682,3.1763034895610045,0.1575317604355717,0.08229665071770331,-0.0752351097178684,-0.08229665071770331,False,False,0.11343012704174227,0.025917065390749616,-0.08751306165099265
141,2.0051578243587795,1.483265063913257,-0.0013611615245009423,-0.07894736842105265,-0.07758620689655171,0.07894736842105265,True,True,-0.0033575317604355726,-0.06291866028708132,-0.059561128526645746
142,4.811145318107512,5.917459935201816,-0.07985480943738654,-0.14673046251993616,-0.06687565308254961,0.14673046251993616,True,True,-0.13929219600725956,-0.16228070175438597,-0.02298850574712641
143,1.1032606314186009,1.9934401578230252,-0.05980036297640656,-0.00023923444976070574,0.05956112852664586,0.00023923444976070574,False,False,-0.08475499092558991,-0.04609250398724085,0.03866248693834906
144,2.6679168716765043,1.9635868260136229,0.056079854809437335,-0.047368421052631615,-0.10344827586206895,0.047368421052631615,False,False,0.0052631578947368585,-0.07049441786283889,-0.07575757575757575
145,4.92272091529905,4.219515832477938,0.102994555353902,-0.03389154704944175,-0.13688610240334376,0.03389154704944175,False,False,0.06079854809437385,-0.06459330143540665,-0.1253918495297805
146,12.12530873471948,11.18349656471205,0.23030852994555356,0.07304625199362041,-0.15726227795193315,-0.07304625199362041,False,False,0.19192377495462792,0.09370015948963317,-0.09822361546499475
147,1.2588447527163302,1.2039763831701207,0.03883847549909247,-0.03221690590111648,-0.07105538140020895,0.03221690590111648,False,False,0.06460980036297642,-0.013237639553429048,-0.07784743991640547
148,2.1952804215632638,1.7530935227710494,0.07713248638838477,-0.011164274322169043,-0.08829676071055381,0.011164274322169043,False,False,0.03493647912885661,-0.04186602870813394,-0.07680250783699055
149,0.507491350613685,0.9839067563033542,-0.04446460980036304,-0.04106858054226481,0.003396029258098232,0.04106858054226481,False,False,-0.07613430127041748,-0.053668261562998476,0.022466039707419005
150,2.1296340030365415,2.557234909681001,-0.09999999999999998,-0.046969696969696995,0.05303030303030298,0.046969696969696995,False,False,-0.11442831215970961,-0.0747208931419458,0.03970741901776381
151,3.7227225919917153,3.0903871677946886,0.003357531760435517,0.10837320574162679,0.10501567398119127,-0.10837320574162679,False,False,-0.038838475499092584,0.07767145135566184,0.11650992685475442
152,1.1032606314186009,1.491157764561795,-0.05980036297640656,-0.00023923444976070574,0.05956112852664586,0.00023923444976070574,False,False,-0.06751361161524505,-0.061244019138756045,0.006269592476489005
153,0.6245957684421753,0.40954037039435076,0.040744101633393814,-0.006539074960127622,-0.04728317659352144,0.006539074960127622,False,True,-0.010072595281306718,-0.02966507177033495,-0.019592476489028232
154,0.024851953926357973,0.21142390194793248,-0.004264972776769516,0.005661881977671368,0.009926854754440884,-0.005661881977671368,False,False,-0.006261343012704146,0.02169059011164276,0.027951933124346906
155,0.6877109196893278,1.0703965139778628,-0.051179673321234076,-0.007814992025518386,0.04336468129571569,0.007814992025518386,False,False,-0.051270417422867476,0.033891547049441806,0.08516196447230928
156,3.0144118356912144,4.7086450542630605,-0.11914700544464613,-0.05749601275917071,0.061650992685475414,0.05749601275917071,False,False,-0.14891107078039928,-0.04441786283891547,0.10449320794148381
157,0.12610264510912467,0.4789388411999867,0.012976406533575235,-0.00948963317384377,-0.022466039707419005,0.00948963317384377,False,False,0.07513611615245014,0.004864433811802238,-0.0702716823406479
158,2.581987008764813,2.5762174301732674,-0.1105263157894737,-0.06507177033492828,0.045454545454545414,0.06507177033492828,False,False,-0.11442831215970961,-0.0747208931419458,0.03970741901776381
159,0.6245957684421753,1.1410256991839398,0.040744101633393814,-0.006539074960127622,-0.04728317659352144,0.006539074960127622,False,False,0.03493647912885661,-0.04186602870813394,-0.07680250783699055
160,9.757408113127756,6.681097349701904,-0.21488203266787653,-0.11012759170653907,0.10475444096133746,0.11012759170653907,False,False,-0.159437386569873,-0.06251993620414675,0.09691745036572624
161,2.1771618768252967,2.723756446506232,0.08475499092558986,0.09154704944178632,0.006792058516196464,-0.09154704944178632,False,False,0.09328493647912889,0.12567783094098883,0.032392894461859945
162,1.785248428421474,2.1753596761577962,0.09147005444646095,0.05829346092503984,-0.033176593521421105,-0.05829346092503984,False,False,0.10862068965517235,0.08484848484848484,-0.023772204806687514
163,3.4427955166098854,3.8543458598283573,0.05027223230490013,0.1218500797448166,0.07157784743991646,-0.1218500797448166,False,False,0.01860254083484575,0.10925039872408293,0.09064785788923718
164,0.3896430954705861,0.7402879396536204,0.042649727767695156,0.019138755980861233,-0.023510971786833923,-0.019138755980861233,False,False,0.06170598911070785,0.07137161084529509,0.009665621734587238
165,0.67652005382176,0.6745337588938747,0.008166969147005432,0.04944178628389162,0.04127481713688619,-0.04944178628389162,False,False,0.021506352087114322,0.024641148325358853,0.0031347962382445305
166,4.044160230348584,3.8877695472029212,0.13838475499092556,0.07177033492822965,-0.06661442006269591,-0.07177033492822965,False,False,0.13257713248638842,0.03644338118022328,-0.09613375130616514
167,0.27151728909069156,0.40228496964403904,0.025408348457350294,0.03429027113237637,0.008881922675026077,-0.03429027113237637,False,False,0.05117967332123413,0.0532695374800638,0.0020898641588296685
168,0.37290120486711914,0.25100949364493724,0.021597096188747722,-0.01706539074960134,-0.03866248693834906,0.01706539074960134,False,True,-0.0014519056261342866,-0.03724082934609252,-0.03578892371995823
169,1.5920727676122455,3.1972940128602074,0.028312159709618867,-0.05031897926634765,-0.07863113897596652,0.05031897926634765,False,False,0.04165154264972776,-0.07511961722488036,-0.11677115987460812
170,4.759487481915254,4.442457776419843,0.13457350272232305,0.020414673046251997,-0.11415882967607105,-0.020414673046251997,False,False,0.1392921960072595,0.003189792663476909,-0.1361024033437826
171,8.461088408603128,5.4005364459080525,-0.06451905626134302,-0.1875598086124402,-0.12304075235109718,0.1875598086124402,True,True,-0.07513611615245003,-0.1639553429027113,-0.08881922675026127
172,1.511027806468147,0.8535809432756727,0.0742286751361162,0.07344497607655509,-0.0007836990595611049,-0.07344497607655509,False,False,0.03203266787658804,0.04274322169059014,0.0107105538140021
173,0.22575464116795285,0.17395426651314883,-0.02531760435571684,-0.030542264752791093,-0.0052246603970742544,0.030542264752791093,True,False,0.01960072595281309,-0.0010366826156300024,-0.020637408568443094
174,1.604651389663791,1.8798968783963754,-0.00907441016333932,0.06459330143540676,0.07366771159874608,-0.06459330143540676,False,False,-0.049364791288566245,0.059569377990430605,0.10893416927899685
175,4.336532703188292,4.5972764141657905,-0.08847549909255892,-0.1391547049441786,-0.05067920585161967,0.1391547049441786,True,True,-0.06270417422867514,-0.12017543859649121,-0.05747126436781608
176,1.6634367416169422,1.3654948653537664,-0.07894736842105265,-0.010765550239234423,0.06818181818181823,0.010765550239234423,False,False,-0.08284936479128857,-0.020414673046251997,0.062434691745036575
177,0.9910633194566454,0.4030836548159075,0.06370235934664248,0.055342902711323694,-0.008359456635318785,-0.055342902711323694,False,False,-0.016787658802177807,0.0035885167464115297,0.020376175548589337
178,0.6172684157907917,1.0032586691776924,0.05317604355716876,0.03724082934609241,-0.015935214211076354,-0.03724082934609241,False,False,0.06651542649727765,0.012440191387559807,-0.054075235109717845
179,3.0559112966167854,4.5204819455586716,-0.02631578947368418,0.0797448165869219,0.10606060606060608,-0.0797448165869219,False,False,-0.019691470054446436,0.08819776714513555,0.10788923719958199
180,0.7142115117785006,0.29164303287631443,-0.02722323049001818,-0.05622009569377995,-0.028996865203761768,0.05622009569377995,True,True,-0.02921960072595281,-0.04019138755980861,-0.010971786833855801
181,5.381513109720965,4.355938650403435,0.15562613430127042,0.05661881977671451,-0.09900731452455591,-0.05661881977671451,False,False,0.12776769509981856,0.09537480063795856,-0.03239289446186
182,2.069405384652055,2.137734041465249,-0.08466424682395646,-0.08779904306220099,-0.0031347962382445305,0.08779904306220099,True,False,-0.09528130671506352,-0.06419457735247208,0.031086729362591436
183,0.35037514648884877,0.37610942960711663,-0.002359346642468285,0.031339712918660334,0.03369905956112862,-0.031339712918660334,False,False,-0.03402903811252267,0.018740031897926668,0.05276907001044934
184,5.1780347470019095,4.746040716858528,0.06279491833030859,-0.08062200956937793,-0.14341692789968652,0.08062200956937793,False,False,0.011978221415608004,-0.10374800637958537,-0.11572622779519337
185,0.9408376476462443,2.8007630174175397,0.0005444646098003991,-0.0532695374800638,-0.0538140020898642,0.0532695374800638,False,True,-0.054083484573502705,-0.12775119617224878,-0.07366771159874608
186,0.6877109196893278,0.43329184013098343,-0.051179673321234076,-0.007814992025518386,0.04336468129571569,0.007814992025518386,False,False,-0.07613430127041748,-0.053668261562998476,0.022466039707419005
187,12.177965755364204,8.93149647236311,0.00045372050816699927,0.19298245614035087,0.19252873563218387,-0.19298245614035087,False,False,-0.07332123411978225,0.10797448165869211,0.18129571577847436
188,1.8234505806539179,3.512018650402491,-0.08947368421052626,-0.02886762360446571,0.06060606060606055,0.02886762360446571,False,False,-0.14891107078039928,-0.04441786283891547,0.10449320794148381
189,2.6232311225525313,1.7465764463077356,-0.10862068965517241,-0.039393939393939426,0.06922675026123298,0.039393939393939426,False,False,-0.07232304900181485,-0.0023125996810207106,0.07001044932079414
190,0.8197697981563262,1.1286103199146187,0.027313974591651524,0.059968102073365226,0.0326541274817137,-0.059968102073365226,False,False,0.044464609800362986,0.08652312599681022,0.04205851619644724
191,0.33333350054964267,0.9548370144155306,-0.016696914700544463,-0.03811802232854866,-0.0214211076280042,0.03811802232854866,True,False,0.09428312159709618,0.0153907496012759,-0.07889237199582028
192,1.8979897408075466,1.272974678234616,0.04745916515426496,-0.039792663476874046,-0.087251828631139,0.039792663476874046,False,False,0.017695099818511806,-0.026714513556618802,-0.04440961337513061
193,0.9121943600090142,0.6879952766065508,-0.05499092558983665,-0.059170653907495985,-0.004179728317659337,0.059170653907495985,True,True,-0.02921960072595281,-0.04019138755980861,-0.010971786833855801
194,0.1365940818599707,0.4791549555047413,-0.023411978221415608,-0.004864433811802238,0.01854754440961337,0.004864433811802238,False,False,0.03393829401088927,0.06842105263157894,0.03448275862068967
195,1.5918063184249238,1.2536769309417986,0.079038112522686,0.0145135566188197,-0.0645245559038663,-0.0145135566188197,False,False,0.028221415607985467,-0.008612440191387571,-0.03683385579937304
196,1.5700907096580945,1.0598502946593262,0.06560798548094371,0.08102073365231266,0.01541274817136895,-0.08102073365231266,False,False,-0.02540834845735024,0.011164274322169099,0.03657262277951934
197,1.1239548516340268,0.7504733955527448,0.07232304900181485,0.047767145135566125,-0.02455590386624873,-0.047767145135566125,False,False,0.023411978221415608,0.05031897926634771,0.0269070010449321
198,1.1782771796995168,1.5670840058662447,-0.07032667876588028,-0.018341307814992103,0.05198537095088818,0.018341307814992103,False,False,-0.040744101633393814,0.051993620414673036,0.09273772204806685
199,1.391736284893713,1.642496178055616,-0.03874773139745924,0.035964912280701755,0.074712643678161,-0.035964912280701755,False,False,0.008076225045372032,0.09114832535885165,0.08307210031347961
200,1.6086814336220527,0.7027304733313233,0.010072595281306662,0.07511961722488036,0.0650470219435737,-0.07511961722488036,False,False,-0.03402903811252267,0.018740031897926668,0.05276907001044934
201,1.5918063184249238,1.955772290576821,0.079038112522686,0.0145135566188197,-0.0645245559038663,-0.0145135566188197,False,False,0.10480943738656989,0.033492822966507185,-0.07131661442006271
202,0.6245957684421753,1.248385324108976,0.040744101633393814,-0.006539074960127622,-0.04728317659352144,0.006539074960127622,False,False,0.06651542649727765,0.012440191387559807,-0.054075235109717845
203,1.0751946503539052,1.3051518634521826,-0.00045372050816694376,0.05701754385964919,0.05747126436781613,-0.05701754385964919,False,False,0.05308529945553542,0.07894736842105265,0.025862068965517238
204,2.080562944371212,2.0707458993516563,0.04836660617059896,0.0961722488038278,0.04780564263322884,-0.0961722488038278,False,False,0.05308529945553542,0.07894736842105265,0.025862068965517238
205,1.1176266834351045,1.9111360012896326,0.04646098003629762,0.07049441786283894,0.024033437826541326,-0.07049441786283894,False,False,0.07413793103448274,0.11515151515151512,0.041013584117032376
206,6.401480598793679,6.696446482003219,0.07141560798548097,-0.0881977671451355,-0.15961337513061646,0.0881977671451355,False,False,0.03974591651542647,-0.10079744816586922,-0.1405433646812957
207,0.22575464116795285,1.0699081915274897,-0.02531760435571684,-0.030542264752791093,-0.0052246603970742544,0.030542264752791093,True,False,-0.1039019963702359,-0.05661881977671446,0.04728317659352144
208,2.2803443246161526,2.2742726887808513,-0.10190562613430132,-0.07264752791068585,0.02925809822361547,0.07264752791068585,False,False,-0.10580762250453724,-0.08229665071770337,0.023510971786833867
209,1.0137448065275196,0.8276078606667923,-0.018602540834845804,-0.06379585326953752,-0.04519331243469171,0.06379585326953752,True,True,-0.010072595281306718,-0.02966507177033495,-0.019592476489028232
210,0.2651891208917685,0.6159859737685285,0.03402903811252267,0.026714513556618802,-0.007314524555903867,-0.026714513556618802,False,False,0.026315789473684237,-0.03429027113237637,-0.06060606060606061
211,1.148834544500319,0.8847468540291706,0.018693284936479038,0.0675438596491228,0.04885057471264376,-0.0675438596491228,False,False,-0.05317604355716882,0.00821371610845295,0.06138975966562177
212,0.010086228128870969,1.175567736997094,0.00435571687840286,-0.001913875598086201,-0.006269592476489061,0.001913875598086201,False,False,0.1105263157894737,0.1105263157894737,0.0
213,0.6878774504314057,0.6367750121655867,-0.01098003629764066,0.0389154704944179,0.049895506792058564,-0.0389154704944179,False,False,0.004264972776769516,0.03979266347687399,0.035527690700104475
214,0.27151728909069156,0.40388833284139153,0.025408348457350294,0.03429027113237637,0.008881922675026077,-0.03429027113237637,False,False,0.012885662431941891,0.03221690590111642,0.01933124346917453
215,1.0308974729614435,0.8481130033872706,0.05989110707803991,0.003987240829346095,-0.05590386624869381,-0.003987240829346095,False,False,0.055989110707803935,-0.005661881977671479,-0.061650992685475414
216,8.602273171735948,11.23404441389743,0.1823956442831216,0.1698564593301436,-0.01253918495297801,-0.1698564593301436,False,False,0.25317604355716883,0.17663476874003192,-0.0765412748171369
217,0.6172684157907917,1.6135591334159927,0.05317604355716876,0.03724082934609241,-0.015935214211076354,-0.03724082934609241,False,False,0.09618874773139752,0.041068580542264754,-0.05512016718913276
218,0.37290120486711914,1.5283109395736447,0.021597096188747722,-0.01706539074960134,-0.03866248693834906,0.01706539074960134,False,False,0.06270417422867514,-0.03891547049441785,-0.10161964472309298
219,2.520204103454278,2.8175125249426283,-0.06651542649727765,0.03301435406698572,0.09952978056426337,-0.03301435406698572,False,False,-0.09818511796733209,0.020414673046251997,0.11859979101358409
220,0.09862507266643278,0.018652853014078364,-0.006170598911070746,-0.020015948963317376,-0.01384535005224663,0.020015948963317376,True,False,-0.016787658802177807,0.0035885167464115297,0.020376175548589337
221,0.6003044841978882,0.7277474321997218,-0.05308529945553542,-0.03349282296650724,0.019592476489028177,0.03349282296650724,False,True,-0.0483666061705989,-0.05071770334928233,-0.0023510971786834256
222,3.216913218056747,2.7690655588467825,-0.050181488203266844,-0.11810207336523126,-0.06792058516196442,0.11810207336523126,True,True,-0.03303085299455538,-0.09154704944178632,-0.05851619644723094
223,0.2651891208917685,0.061663770300758175,0.03402903811252267,0.026714513556618802,-0.007314524555903867,-0.026714513556618802,False,True,-0.0014519056261342866,-0.03724082934609252,-0.03578892371995823
224,1.9144762842731606,1.408691533402675,-0.0482758620689655,-0.09242424242424241,-0.044148380355276906,0.09242424242424241,True,False,-0.09337568058076229,-0.03851674641148328,0.054858934169279006
225,0.1365940818599707,0.07079830124764615,-0.023411978221415608,-0.004864433811802238,0.01854754440961337,0.004864433811802238,False,False,0.0023593466424682297,0.014114832535885191,0.011755485893416961
226,9.240718730710437,9.525086813865084,0.08865698729582583,-0.10334928229665069,-0.19200626959247652,0.10334928229665069,False,False,0.056987295825771334,-0.11594896331738436,-0.1729362591431557
227,4.888715337766943,4.777616040944111,-0.13448275862068965,-0.016666666666666607,0.11781609195402304,0.016666666666666607,False,False,-0.11923774954627953,-0.015789473684210575,0.10344827586206895
228,2.6232311225525313,2.27391654428457,-0.10862068965517241,-0.039393939393939426,0.06922675026123298,0.039393939393939426,False,False,-0.08475499092558991,-0.04609250398724085,0.03866248693834906
229,0.44672983385455417,0.16614381161090366,-0.021506352087114378,0.020813397129186617,0.042319749216300995,-0.020813397129186617,False,False,0.0023593466424682297,0.014114832535885191,0.011755485893416961
230,0.1703998225015857,0.49505427608921704,-0.012885662431942002,0.013237639553428937,0.02612330198537094,-0.013237639553428937,False,True,-0.05217785843920142,-0.10207336523125993,-0.04989550679205851
231,0.27581378223627495,0.061736596208875935,0.0024500907441016295,-0.027591706539074945,-0.030041797283176574,0.027591706539074945,False,False,-0.035934664246823955,-0.006937799043062187,0.028996865203761768
232,0.6448792128271446,0.203136015113719,0.05127041742286753,0.011562998405103664,-0.03970741901776387,-0.011562998405103664,False,False,-0.008166969147005432,-0.003987240829346039,0.0041797283176593925
233,0.06771696693695724,0.3192279144018661,0.014882032667876577,0.016188197767145085,0.001306165099268508,-0.016188197767145085,False,False,-0.035934664246823955,-0.006937799043062187,0.028996865203761768
234,1.071786321166063,1.1134690865489645,0.04936479128856619,-0.014114832535885191,-0.06347962382445138,0.014114832535885191,False,False,0.007168784029038089,-0.04481658692185009,-0.05198537095088818
235,4.636088202036259,3.6904934161543257,-0.0052631578947368585,0.11594896331738436,0.12121212121212122,-0.11594896331738436,False,False,-0.021597096188747777,0.0625199362041467,0.08411703239289448
236,1.1062581847759847,0.6886769458194473,-0.0722323049001814,-0.04401913875598085,0.028213166144200552,0.04401913875598085,False,False,-0.037840290381125186,-0.03261562998405104,0.005224660397074143
237,0.06771696693695724,0.12096902890280947,0.014882032667876577,0.016188197767145085,0.001306165099268508,-0.016188197767145085,False,False,0.030127041742286753,0.017065390749601284,-0.01306165099268547
238,0.9121943600090142,0.9553837062417598,-0.05499092558983665,-0.059170653907495985,-0.004179728317659337,0.059170653907495985,True,True,-0.050272232304900244,-0.07639553429027118,-0.02612330198537094
239,0.67652005382176,0.565712230471174,0.008166969147005432,0.04944178628389162,0.04127481713688619,-0.04944178628389162,False,False,-0.012976406533575346,0.05494417862838913,0.06792058516196448
240,0.67652005382176,0.8799896897466344,0.008166969147005432,0.04944178628389162,0.04127481713688619,-0.04944178628389162,False,False,0.03393829401088927,0.06842105263157894,0.03448275862068967
241,5.6454310297644685,5.738293515329812,0.0052631578947368585,0.13405103668261564,0.12878787878787878,-0.13405103668261564,False,False,-0.005353901996370258,0.15765550239234455,0.1630094043887148
242,1.6019646936916139,3.5661571447105365,-0.02912885662431941,-0.08189792663476869,-0.05276907001044928,0.08189792663476869,True,True,-0.054083484573502705,-0.12775119617224878,-0.07366771159874608
243,0.33333350054964267,0.27689279937696054,-0.016696914700544463,-0.03811802232854866,-0.0214211076280042,0.03811802232854866,True,False,0.00045372050816699927,-0.011562998405103664,-0.012016718913270663
244,4.888715337766943,4.805413350569302,-0.13448275862068965,-0.016666666666666607,0.11781609195402304,0.016666666666666607,False,False,-0.11733212341197824,0.00988835725677828,0.12722048066875652
245,0.9408376476462443,1.376759295597092,0.0005444646098003991,-0.0532695374800638,-0.0538140020898642,0.0532695374800638,False,False,0.045462794918330274,-0.02376395534290271,-0.06922675026123298
246,0.37290120486711914,0.07869513459864227,0.021597096188747722,-0.01706539074960134,-0.03866248693834906,0.01706539074960134,False,False,0.01098003629764066,0.006539074960127622,-0.0044409613375130386
247,2.2803443246161526,2.6999014527437493,-0.10190562613430132,-0.07264752791068585,0.02925809822361547,0.07264752791068585,False,False,-0.12495462794918333,-0.09282296650717708,0.03213166144200624
248,8.099594575752024,8.11524938611665,-0.1957350272232305,-0.09960127591706547,0.09613375130616503,0.09960127591706547,False,False,-0.1632486388384755,-0.11387559808612441,0.049373040752351105
249,0.9121943600090142,1.143065065421777,-0.05499092558983665,-0.059170653907495985,-0.004179728317659337,0.059170653907495985,True,False,-0.06751361161524505,-0.061244019138756045,0.006269592476489005
250,0.40862760006735543,0.6334634938555143,0.01678765880217792,0.04186602870813405,0.025078369905956133,-0.04186602870813405,False,False,-0.023502722323049008,0.0368421052631579,0.060344827586206906
251,0.14365498532403265,0.41487021312397754,0.006261343012704201,0.023763955342902654,0.017502612330198453,-0.023763955342902654,False,False,0.06842105263157894,0.03811802232854866,-0.030303030303030276
252,0.6003044841978882,1.5969230237532241,-0.05308529945553542,-0.03349282296650724,0.019592476489028177,0.03349282296650724,False,False,-0.10580762250453724,-0.08229665071770337,0.023510971786833867
253,4.3526084708234505,1.73113266171259,0.005353901996370314,-0.11220095693779897,-0.11755485893416928,0.11220095693779897,False,True,-0.01869328493647915,-0.02208931419457738,-0.003396029258098232
254,1.391736284893713,0.2246890827792233,-0.03874773139745924,0.035964912280701755,0.074712643678161,-0.035964912280701755,False,False,0.03874773139745913,0.009489633173843659,-0.02925809822361547
255,0.27151728909069156,0.21365654828912367,0.025408348457350294,0.03429027113237637,0.008881922675026077,-0.03429027113237637,False,False,-0.06370235934664248,-0.00988835725677828,0.0538140020898642
256,1.7819178135799354,1.8647135307083942,-0.05789473684210522,0.02543859649122815,0.08333333333333337,-0.02543859649122815,False,False,-0.08094373865698729,0.0052631578947368585,0.08620689655172414
257,0.67652005382176,0.09773277981537362,0.008166969147005432,0.04944178628389162,0.04127481713688619,-0.04944178628389162,False,False,0.01098003629764066,0.006539074960127622,-0.0044409613375130386
258,0.010086228128870969,0.013826242754191566,0.00435571687840286,-0.001913875598086201,-0.006269592476489061,0.001913875598086201,False,True,-0.01869328493647915,-0.02208931419457738,-0.003396029258098232
259,3.7501446541870456,6.275179286378367,0.11542649727767695,0.00988835725677828,-0.10553814002089867,-0.00988835725677828,False,False,0.16896551724137931,0.0318181818181818,-0.13714733542319751
260,0.3896430954705861,0.35490055653219593,0.042649727767695156,0.019138755980861233,-0.023510971786833923,-0.019138755980861233,False,True,-0.02059891107078038,-0.04776714513556618,-0.0271682340647858
261,2.0604127245799035,2.539114666003001,-0.047368421052631615,0.043540669856459324,0.09090909090909094,-0.043540669856459324,False,False,-0.07041742286751362,0.02336523125996809,0.09378265412748171
262,5.450756592276544,3.5456292594234617,-0.024319419237749607,-0.14082934609250397,-0.11650992685475436,0.14082934609250397,True,False,0.03303085299455538,-0.0675438596491228,-0.10057471264367818
263,1.0137448065275196,0.5909518444330563,-0.018602540834845804,-0.06379585326953752,-0.04519331243469171,0.06379585326953752,True,True,-0.0014519056261342866,-0.03724082934609252,-0.03578892371995823
264,0.35175180062335076,0.1340043135876894,-0.032032667876587984,0.002711323763955331,0.034743991640543315,-0.002711323763955331,False,True,-0.01869328493647915,-0.02208931419457738,-0.003396029258098232
265,5.724433213805753,5.4388032787861516,-0.0434664246823957,-0.1513556618819777,-0.10788923719958199,0.1513556618819777,True,True,-0.04355716878402899,-0.1096491228070175,-0.06609195402298851
266,2.3815950157989194,3.4342818855007686,-0.0674228675136116,-0.10295055821371613,-0.03552769070010453,0.10295055821371613,True,True,-0.06460980036297642,-0.14585326953748012,-0.0812434691745037
267,6.588217070909268,4.973615189597084,0.17667876588021775,0.09282296650717697,-0.08385579937304077,-0.09282296650717697,False,False,0.12395644283121593,0.04401913875598085,-0.07993730407523508
268,1.6495924859256146,1.184821335251587,-0.06842105263157894,0.007336523125996863,0.0757575757575758,-0.007336523125996863,False,False,-0.006261343012704146,0.02169059011164276,0.027951933124346906
269,2.378219992759496,1.648224224537918,-0.09809437386569869,-0.02129186602870803,0.07680250783699066,0.02129186602870803,False,False,-0.051270417422867476,0.033891547049441806,0.08516196447230928
270,4.086159283500384,6.319531524251778,0.04165154264972776,0.12942583732057417,0.08777429467084641,-0.12942583732057417,False,False,0.03103448275862064,0.15303030303030296,0.12199582027168232
271,0.1703998225015857,0.12171293074441608,-0.012885662431942002,0.013237639553428937,0.02612330198537094,-0.013237639553428937,False,True,-0.01869328493647915,-0.02208931419457738,-0.003396029258098232
272,2.069405384652055,1.861959786452452,-0.08466424682395646,-0.08779904306220099,-0.0031347962382445305,0.08779904306220099,True,True,-0.03303085299455538,-0.09154704944178632,-0.05851619644723094
273,0.33333350054964267,0.5257954172495142,-0.016696914700544463,-0.03811802232854866,-0.0214211076280042,0.03811802232854866,True,False,0.04736842105263156,0.00191387559808609,-0.04545454545454547
274,0.7504819074028543,0.6805275414378235,0.030217785843920097,-0.024641148325358908,-0.054858934169279006,0.024641148325358908,False,False,0.04736842105263156,0.00191387559808609,-0.04545454545454547
275,2.8303509574983305,3.254501142115695,-0.10381125226860255,-0.0983253588516747,0.005485893416927845,0.0983253588516747,False,False,-0.10580762250453724,-0.08229665071770337,0.023510971786833867
276,1.604651389663791,2.7876158313792025,-0.00907441016333932,0.06459330143540676,0.07366771159874608,-0.06459330143540676,False,False,-0.049364791288566245,0.059569377990430605,0.10893416927899685
277,6.213667227879332,6.6905910263454285,-0.05217785843920142,0.1024720893141946,0.15464994775339602,-0.1024720893141946,False,False,0.022413793103448265,0.16060606060606053,0.13819226750261226
278,1.3994633113260806,1.5525023400467086,-0.08085299455535389,-0.03644338118022328,0.04440961337513061,0.03644338118022328,False,False,-0.0742286751361162,-0.027990430622009566,0.04623824451410663
279,0.44672983385455417,0.3560386513198881,-0.021506352087114378,0.020813397129186617,0.042319749216300995,-0.020813397129186617,False,False,0.012885662431941891,0.03221690590111642,0.01933124346917453
280,3.699419390150413,5.59459809157854,-0.06932849364791294,-0.12862838915470498,-0.059299895506792044,0.12862838915470498,True,True,-0.08375680580762246,-0.15637958532695373,-0.07262277951933127
281,0.37290120486711914,0.9154221221303536,0.021597096188747722,-0.01706539074960134,-0.03866248693834906,0.01706539074960134,False,False,0.0435571687840291,-0.04944178628389151,-0.09299895506792061
282,6.069040829410258,8.538473262981059,-0.09038112522686026,-0.16483253588516744,-0.07445141065830718,0.16483253588516744,True,True,-0.11152450090744098,-0.15933014354066982,-0.04780564263322884
283,0.67652005382176,0.9297146102530877,0.008166969147005432,0.04944178628389162,0.04127481713688619,-0.04944178628389162,False,False,0.014791288566243233,0.05789473684210528,0.043103448275862044
284,0.05221850587433138,0.36405269250984124,-0.014791288566243121,-0.012440191387559807,0.0023510971786833146,0.012440191387559807,False,False,-0.06751361161524505,-0.061244019138756045,0.006269592476489005
285,1.3994633113260806,0.3469848700367909,-0.08085299455535389,-0.03644338118022328,0.04440961337513061,0.03644338118022328,False,False,0.012885662431941891,0.03221690590111642,0.01933124346917453
286,0.05221850587433138,0.20924538513085686,-0.014791288566243121,-0.012440191387559807,0.0023510971786833146,0.012440191387559807,False,False,-0.037840290381125186,-0.03261562998405104,0.005224660397074143
287,7.1640248667638975,8.164360637597857,0.10961887477313975,0.1791068580542265,0.06948798328108674,-0.1791068580542265,False,False,0.09038112522686026,0.21028708133971297,0.11990595611285271
288,2.889014186907293,3.0359065694562783,-0.03103448275862064,-0.10757575757575755,-0.0765412748171369,0.10757575757575755,True,True,-0.06270417422867514,-0.12017543859649121,-0.05747126436781608
289,6.05096669287018,8.661888530048072,-0.1220508166969147,0.027113237639553422,0.14916405433646812,-0.027113237639553422,False,False,-0.14990925589836657,0.06586921850079741,0.21577847439916398
290,0.40862760006735543,0.4700571873875851,0.01678765880217792,0.04186602870813405,0.025078369905956133,-0.04186602870813405,False,False,0.0023593466424682297,0.014114832535885191,0.011755485893416961
291,1.2588447527163302,0.32198882094686326,0.03883847549909247,-0.03221690590111648,-0.07105538140020895,0.03221690590111648,False,False,-0.04646098003629762,-0.025039872408293418,0.0214211076280042
292,0.14365498532403265,0.07940019319451876,0.006261343012704201,0.023763955342902654,0.017502612330198453,-0.023763955342902654,False,False,-0.06560798548094376,-0.035566188197767135,0.03004179728317663
293,0.8238997605598323,0.49629899728501253,-0.06170598911070779,-0.025917065390749672,0.03578892371995812,0.025917065390749672,False,False,-0.04646098003629762,-0.025039872408293418,0.0214211076280042
294,7.206778859279778,5.936218663386151,0.1632486388384755,0.15933014354066988,-0.003918495297805635,-0.15933014354066988,False,False,0.09328493647912889,0.12567783094098883,0.032392894461859945
295,7.162859151569352,7.522036005719393,-0.1717785843920145,-0.14800637958532692,0.02377220480668757,0.14800637958532692,False,False,-0.14600725952813065,-0.12902711323763955,0.016980146290491105
296,0.7504819074028543,1.4164104835723121,0.030217785843920097,-0.024641148325358908,-0.054858934169279006,0.024641148325358908,False,False,0.06460980036297642,-0.013237639553429048,-0.07784743991640547
297,0.33333350054964267,0.6495102496896531,-0.016696914700544463,-0.03811802232854866,-0.0214211076280042,0.03811802232854866,True,False,0.045462794918330274,-0.02376395534290271,-0.06922675026123298
298,1.1239548516340268,0.7468614327692791,0.07232304900181485,0.047767145135566125,-0.02455590386624873,-0.047767145135566125,False,False,0.04065335753176047,0.03516746411483257,-0.0054858934169279006
299,1.4407629353611564,2.0533562385375945,0.009165154264972775,-0.06084529505582137,-0.07001044932079414,0.06084529505582137,False,False,0.0732304900181488,-0.020813397129186617,-0.09404388714733541
300,0.35175180062335076,0.014631039607577827,-0.032032667876587984,0.002711323763955331,0.034743991640543315,-0.002711323763955331,False,True,-0.01869328493647915,-0.02208931419457738,-0.003396029258098232
301,2.6232311225525313,4.326735995093746,-0.10862068965517241,-0.039393939393939426,0.06922675026123298,0.039393939393939426,False,False,-0.15081669691470057,-0.07009569377990432,0.08072100313479624
302,1.1239548516340268,1.4989874228675137,0.07232304900181485,0.047767145135566125,-0.02455590386624873,-0.047767145135566125,False,False,0.05789473684210528,0.020015948963317376,-0.0378787878787879
303,0.35037514648884877,1.7759111346599403,-0.002359346642468285,0.031339712918660334,0.03369905956112862,-0.031339712918660334,False,False,-0.08956442831215972,0.012838915470494427,0.10240334378265414
304,3.830745533352272,4.022358175452928,-0.04156079854809436,-0.12567783094098883,-0.08411703239289448,0.12567783094098883,True,True,-0.015789473684210575,-0.10669856459330146,-0.09090909090909088
305,1.4407629353611564,1.9817167195127767,0.009165154264972775,-0.06084529505582137,-0.07001044932079414,0.06084529505582137,False,False,0.0435571687840291,-0.04944178628389151,-0.09299895506792061
306,0.09862507266643278,0.19739282223532706,-0.006170598911070746,-0.020015948963317376,-0.01384535005224663,0.020015948963317376,True,False,0.017695099818511806,-0.026714513556618802,-0.04440961337513061
307,1.4440602440542791,2.3796575961962807,-0.009981851179673318,-0.07137161084529509,-0.06138975966562177,0.07137161084529509,True,False,0.02250453720508172,-0.08564593301435403,-0.10815047021943575
308,3.063771547642814,3.4641674703262595,-0.10671506352087107,-0.01371610845295046,0.09299895506792061,0.01371610845295046,False,False,-0.12304900181488204,-0.06714513556618817,0.05590386624869387
309,2.264890271751418,1.8746175849413336,-0.017695099818511806,0.07216905901116433,0.08986415882967613,-0.07216905901116433,False,False,-0.0024500907441016295,0.07304625199362041,0.07549634273772204
310,4.002771789917731,3.0373875930760077,-0.12586206896551722,-0.024242424242424176,0.10161964472309304,0.024242424242424176,False,False,-0.1039019963702359,-0.05661881977671446,0.04728317659352144
311,2.378219992759496,2.3954687382763384,-0.09809437386569869,-0.02129186602870803,0.07680250783699066,0.02129186602870803,False,False,-0.07232304900181485,-0.0023125996810207106,0.07001044932079414
312,4.888715337766943,6.285159822890112,-0.13448275862068965,-0.016666666666666607,0.11781609195402304,0.016666666666666607,False,False,-0.11542649727767695,0.035566188197767135,0.1509926854754441
313,3.7729149576536987,1.953127074818714,-0.015789473684210575,0.09784688995215307,0.11363636363636365,-0.09784688995215307,False,False,0.016696914700544463,0.08357256778309408,0.06687565308254961
314,1.5700907096580945,1.8718942617657985,0.06560798548094371,0.08102073365231266,0.01541274817136895,-0.08102073365231266,False,False,0.10862068965517235,0.08484848484848484,-0.023772204806687514
315,13.316203377459939,12.53712663562462,-0.010889292196007205,-0.20733652312599676,-0.19644723092998956,0.20733652312599676,True,False,0.006261343012704201,-0.18078149920255182,-0.18704284221525602
316,1.3876285265891493,1.2868446810791752,0.08094373865698723,0.040191387559808556,-0.040752351097178674,-0.040191387559808556,False,False,0.08756805807622503,0.04864433811802238,-0.03892371995820265
317,2.2883378002358485,2.6802222823534247,0.02059891107078038,0.09322169059011165,0.07262277951933127,-0.09322169059011165,False,False,0.07413793103448274,0.11515151515151512,0.041013584117032376
318,2.3815950157989194,0.9434872738056744,-0.0674228675136116,-0.10295055821371613,-0.03552769070010453,0.10295055821371613,True,True,-0.01869328493647915,-0.02208931419457738,-0.003396029258098232
319,0.9408376476462443,0.989015988042496,0.0005444646098003991,-0.0532695374800638,-0.0538140020898642,0.0532695374800638,False,True,-0.022504537205081665,-0.07344497607655504,-0.05094043887147337
320,2.6232311225525313,3.5088103078188544,-0.10862068965517241,-0.039393939393939426,0.06922675026123298,0.039393939393939426,False,False,-0.13166969147005447,-0.059569377990430605,0.07210031347962387
321,0.9408376476462443,1.7126268501299218,0.0005444646098003991,-0.0532695374800638,-0.0538140020898642,0.0532695374800638,False,False,0.013883847549909234,-0.07807017543859646,-0.09195402298850569
322,3.5377180395937278,1.6667775142966375,0.12785843920145185,0.053668261562998365,-0.07419017763845348,-0.053668261562998365,False,False,0.06651542649727765,0.012440191387559807,-0.054075235109717845
323,0.12610264510912467,0.01611444241670143,0.012976406533575235,-0.00948963317384377,-0.022466039707419005,0.00948963317384377,False,True,-0.01869328493647915,-0.02208931419457738,-0.003396029258098232
324,2.1993104655215268,0.8848656945930842,0.0014519056261342866,0.08269537480063793,0.08124346917450365,-0.08269537480063793,False,False,-0.023502722323049008,0.0368421052631579,0.060344827586206906
325,2.9207216401987424,2.1947075643308485,-0.0071687840290382,0.0902711323763955,0.0974399164054337,-0.0902711323763955,False,False,0.0061705989110708015,0.06547049441786285,0.059299895506792044
326,0.5454603598072224,1.1494178273551383,-0.035843920145190555,-0.04864433811802238,-0.012800417972831823,0.04864433811802238,True,True,-0.06941923774954623,-0.08692185007974479,-0.017502612330198564
327,1.148834544500319,0.33066218882407133,0.018693284936479038,0.0675438596491228,0.04885057471264376,-0.0675438596491228,False,False,0.0023593466424682297,0.014114832535885191,0.011755485893416961
328,2.485077218925521,1.2604571267074978,-0.0368421052631579,0.06164274322169061,0.09848484848484851,-0.06164274322169061,False,False,-0.03402903811252267,0.018740031897926668,0.05276907001044934
329,2.715722296702051,1.5876920467654767,-0.011887477313974548,-0.09704944178628383,-0.08516196447230928,0.09704944178628383,True,True,-0.01388384754990929,-0.0810207336523126,-0.06713688610240331
330,1.7673186185245264,1.3227234363257259,0.029219600725952755,0.08564593301435408,0.056426332288401326,-0.08564593301435408,False,False,0.025317604355716894,0.07599681020733651,0.05067920585161961
331,1.148834544500319,2.4533747504297296,0.018693284936479038,0.0675438596491228,0.04885057471264376,-0.0675438596491228,False,False,0.03774954627949184,0.11977671451355659,0.08202716823406475
332,3.830745533352272,5.181765668908753,-0.04156079854809436,-0.12567783094098883,-0.08411703239289448,0.12567783094098883,True,True,-0.02631578947368418,-0.12480063795853269,-0.09848484848484851
333,2.715722296702051,1.8247298611609304,-0.011887477313974548,-0.09704944178628383,-0.08516196447230928,0.09704944178628383,True,False,0.0052631578947368585,-0.07049441786283889,-0.07575757575757575
334,2.8514448514947404,1.3511758633030901,-0.09519056261343017,-0.10590111642743227,-0.0107105538140021,0.10590111642743227,True,True,-0.031125226860254096,-0.06586921850079747,-0.03474399164054337
335,4.085371037987883,3.9723697952733734,0.054174228675136105,-0.07304625199362036,-0.12722048066875646,0.07304625199362036,False,False,0.02250453720508172,-0.08564593301435403,-0.10815047021943575
336,3.026102293785015,5.264269150652399,-0.09618874773139746,0.004385964912280715,0.10057471264367818,-0.004385964912280715,False,False,-0.15562613430127037,-0.011164274322169043,0.14446185997910133
337,3.9252017702583015,4.575435076118673,-0.13157894736842102,-0.10127591706539074,0.030303030303030276,0.10127591706539074,False,True,-0.09047186932849366,-0.12312599681020736,-0.0326541274817137
338,0.12610264510912467,0.21615967116970639,0.012976406533575235,-0.00948963317384377,-0.022466039707419005,0.00948963317384377,False,True,-0.02921960072595281,-0.04019138755980861,-0.010971786833855801
339,5.724433213805753,5.194577751586582,-0.0434664246823957,-0.1513556618819777,-0.10788923719958199,0.1513556618819777,True,True,-0.08375680580762246,-0.15637958532695373,-0.07262277951933127
340,3.389272536106362,3.1544461580688643,-0.07513611615245003,0.04059011164274329,0.11572622779519331,-0.04059011164274329,False,False,-0.09818511796733209,0.020414673046251997,0.11859979101358409
341,0.6976916621644716,1.0522922050986876,-0.04065335753176036,0.010287081339713011,0.05094043887147337,-0.010287081339713011,False,False,-0.03402903811252267,0.018740031897926668,0.05276907001044934
342,7.527816823855662,8.710981599836467,-0.06079854809437385,0.11004784688995217,0.17084639498432602,-0.11004784688995217,False,False,-0.026406533575317637,0.12145135566188192,0.14785788923719956
343,4.6979377196436225,4.231346859578243,-0.13348457350272236,-0.1269537480063796,0.0065308254963427625,0.1269537480063796,False,True,-0.1096188747731397,-0.13365231259968097,-0.02403343782654127
344,0.9438352010036292,0.9537392610873189,-0.06361161524500902,-0.051594896331738416,0.012016718913270608,0.051594896331738416,False,False,-0.08284936479128857,-0.020414673046251997,0.062434691745036575
345,3.3457080939790402,2.5844688260144735,-0.04546279491833033,0.06921850079744818,0.11468129571577851,-0.06921850079744818,False,False,0.008076225045372032,0.09114832535885165,0.08307210031347961
346,1.1176266834351045,1.2970035769341148,0.04646098003629762,0.07049441786283894,0.024033437826541326,-0.07049441786283894,False,False,-0.012976406533575346,0.05494417862838913,0.06792058516196448
347,0.27581378223627495,0.2713303881639849,0.0024500907441016295,-0.027591706539074945,-0.030041797283176574,0.027591706539074945,False,True,-0.01869328493647915,-0.02208931419457738,-0.003396029258098232
348,0.14365498532403265,0.46301766627102453,0.006261343012704201,0.023763955342902654,0.017502612330198453,-0.023763955342902654,False,False,0.023411978221415608,0.05031897926634771,0.0269070010449321
349,0.6448792128271446,1.0480381607669051,0.05127041742286753,0.011562998405103664,-0.03970741901776387,-0.011562998405103664,False,False,0.05408348457350276,-0.03133971291866028,-0.08542319749216304
350,1.785248428421474,1.76478761225967,0.09147005444646095,0.05829346092503984,-0.033176593521421105,-0.05829346092503984,False,False,0.12395644283121593,0.04401913875598085,-0.07993730407523508
351,3.7501446541870456,3.295660029854357,0.11542649727767695,0.00988835725677828,-0.10553814002089867,-0.00988835725677828,False,False,0.0732304900181488,-0.020813397129186617,-0.09404388714733541
352,8.861639251496008,9.633794462893372,0.001542649727767631,-0.16355661881977673,-0.16509926854754436,0.16355661881977673,False,True,-0.04065335753176036,-0.19425837320574157,-0.15360501567398122
353,2.35851385494706,2.061855645047666,0.06660617059891105,-0.02926634768740033,-0.09587251828631138,0.02926634768740033,False,False,0.01578947368421052,-0.05239234449760766,-0.06818181818181818
354,0.5454603598072224,0.627722364430458,-0.035843920145190555,-0.04864433811802238,-0.012800417972831823,0.04864433811802238,True,True,-0.03974591651542653,-0.0582934609250399,-0.01854754440961337
355,0.06771696693695724,0.08417071668841015,0.014882032667876577,0.016188197767145085,0.001306165099268508,-0.016188197767145085,False,True,-0.010072595281306718,-0.02966507177033495,-0.019592476489028232
356,0.37290120486711914,0.9897918157416623,0.021597096188747722,-0.01706539074960134,-0.03866248693834906,0.01706539074960134,False,False,0.024410163339382895,-0.059968102073365226,-0.08437826541274812
357,2.2803443246161526,2.8619144075880847,-0.10190562613430132,-0.07264752791068585,0.02925809822361547,0.07264752791068585,False,False,-0.07613430127041748,-0.053668261562998476,0.022466039707419005
358,2.1296340030365415,2.941511336937328,-0.09999999999999998,-0.046969696969696995,0.05303030303030298,0.046969696969696995,False,False,-0.14891107078039928,-0.04441786283891547,0.10449320794148381
359,4.860305193168624,4.820497819921025,0.03303085299455538,0.13700159489633174,0.10397074190177635,-0.13700159489633174,False,False,0.06742286751361165,0.14840510366826154,0.08098223615464989
360,3.180509597838733,3.1954346876196897,-0.12105263157894741,-0.08317384370015957,0.037878787878787845,0.08317384370015957,False,False,-0.11442831215970961,-0.0747208931419458,0.03970741901776381
361,4.235282012005526,6.241998337028496,-0.14019963702359345,-0.09370015948963317,0.046499477533960276,0.09370015948963317,False,False,-0.17377495462794923,-0.1319776714513557,0.041797283176593536
362,1.1062581847759847,1.507462366798276,-0.0722323049001814,-0.04401913875598085,0.028213166144200552,0.04401913875598085,False,False,-0.0742286751361162,-0.027990430622009566,0.04623824451410663
363,0.010086228128870969,0.30812669787298275,0.00435571687840286,-0.001913875598086201,-0.006269592476489061,0.001913875598086201,False,False,-0.03402903811252267,0.018740031897926668,0.05276907001044934
364,11.255918342632715,7.738934834928014,-0.0971869328493648,0.1146730462519936,0.2118599791013584,-0.1146730462519936,False,False,-0.08575317604355714,0.06419457735247208,0.14994775339602923
365,0.8538419879852633,0.7135888532957743,-0.030127041742286753,0.028389154704944186,0.05851619644723094,-0.028389154704944186,False,False,-0.051270417422867476,0.033891547049441806,0.08516196447230928
366,0.22575464116795285,0.01615066711373107,-0.02531760435571684,-0.030542264752791093,-0.0052246603970742544,0.030542264752791093,True,False,0.023411978221415608,0.05031897926634771,0.0269070010449321
367,2.1993104655215268,0.8692869950084989,0.0014519056261342866,0.08269537480063793,0.08124346917450365,-0.08269537480063793,False,False,0.0023593466424682297,0.014114832535885191,0.011755485893416961
368,1.7673186185245264,2.820328563031364,0.029219600725952755,0.08564593301435408,0.056426332288401326,-0.08564593301435408,False,False,0.05499092558983665,0.10462519936204145,0.04963427377220481
369,3.1980508360041693,2.7507339867760594,0.07522686025408343,-0.0368421052631579,-0.11206896551724133,0.0368421052631579,False,False,0.07513611615245014,0.004864433811802238,-0.0702716823406479
370,1.6495924859256146,1.696295962840161,-0.06842105263157894,0.007336523125996863,0.0757575757575758,-0.007336523125996863,False,False,-0.08956442831215972,0.012838915470494427,0.10240334378265414
371,4.860305193168624,4.805139656996315,0.03303085299455538,0.13700159489633174,0.10397074190177635,-0.13700159489633174,False,False,0.009981851179673318,0.1168261562998405,0.10684430512016718
372,1.511027806468147,1.5705268348778638,0.0742286751361162,0.07344497607655509,-0.0007836990595611049,-0.07344497607655509,False,False,0.07032667876588022,0.06379585326953752,-0.006530825496342707
373,4.888715337766943,5.259495404584165,-0.13448275862068965,-0.016666666666666607,0.11781609195402304,0.016666666666666607,False,False,-0.12785843920145196,-0.008213716108453006,0.11964472309299895
374,0.1703998225015857,1.4642148886338908,-0.012885662431942002,0.013237639553428937,0.02612330198537094,-0.013237639553428937,False,False,0.06551724137931031,0.12272727272727268,0.057210031347962376
375,0.6878774504314057,1.2823376393362653,-0.01098003629764066,0.0389154704944179,0.049895506792058564,-0.0389154704944179,False,False,0.03584392014519061,0.09409888357256779,0.05825496342737718
376,1.7599357556257829,1.0973186588802,0.056987295825771334,0.08859649122807023,0.031609195402298895,-0.08859649122807023,False,False,0.014791288566243233,0.05789473684210528,0.043103448275862044
377,0.6448792128271446,1.0080227813650577,0.05127041742286753,0.011562998405103664,-0.03970741901776387,-0.011562998405103664,False,False,0.0435571687840291,-0.04944178628389151,-0.09299895506792061
378,1.5700907096580945,1.235238067916588,0.06560798548094371,0.08102073365231266,0.01541274817136895,-0.08102073365231266,False,False,0.03393829401088927,0.06842105263157894,0.03448275862068967
379,0.5539867338015625,0.9339093455860636,0.044555353901996275,0.04481658692184998,0.0002612330198537016,-0.04481658692184998,False,False,-0.021597096188747777,0.0625199362041467,0.08411703239289448
380,1.785248428421474,1.1973601160442648,0.09147005444646095,0.05829346092503984,-0.033176593521421105,-0.05829346092503984,False,False,0.01960072595281309,-0.0010366826156300024,-0.020637408568443094
381,1.148834544500319,0.6776285465140842,0.018693284936479038,0.0675438596491228,0.04885057471264376,-0.0675438596491228,False,False,-0.023502722323049008,0.0368421052631579,0.060344827586206906
382,0.22575464116795285,0.5493632427238667,-0.02531760435571684,-0.030542264752791093,-0.0052246603970742544,0.030542264752791093,True,False,-0.04646098003629762,-0.025039872408293418,0.0214211076280042
383,4.888715337766943,5.60966956570218,-0.13448275862068965,-0.016666666666666607,0.11781609195402304,0.016666666666666607,False,False,-0.1575317604355717,-0.0368421052631579,0.12068965517241381
384,6.344593697300204,5.948517909974435,-0.16415607985480946,-0.04529505582137161,0.11886102403343785,0.04529505582137161,False,False,-0.13166969147005447,-0.059569377990430605,0.07210031347962387
385,0.40862760006735543,0.4432052753317665,0.01678765880217792,0.04186602870813405,0.025078369905956133,-0.04186602870813405,False,False,0.044464609800362986,0.08652312599681022,0.04205851619644724
386,2.938840184936711,3.6829616011623227,0.10390199637023595,0.10207336523126004,-0.0018286311389759113,-0.10207336523126004,False,False,0.13638838475499093,0.08779904306220099,-0.048589341692789945
387,3.1774454321845202,2.489252273503191,0.11733212341197818,0.035566188197767135,-0.08176593521421105,-0.035566188197767135,False,False,0.10480943738656989,0.033492822966507185,-0.07131661442006271
388,1.1062581847759847,1.2072112633790844,-0.0722323049001814,-0.04401913875598085,0.028213166144200552,0.04401913875598085,False,False,-0.06751361161524505,-0.061244019138756045,0.006269592476489005
389,3.8361411293955685,3.4747798132303696,0.11442831215970961,0.12017543859649127,0.005747126436781658,-0.12017543859649127,False,False,0.1105263157894737,0.1105263157894737,0.0
390,1.5347861923377852,1.0842378717584873,-0.08275862068965512,-0.06212121212121213,0.020637408568442983,0.06212121212121213,False,False,-0.04646098003629762,-0.025039872408293418,0.0214211076280042
391,0.6245957684421753,0.36894061896168406,0.040744101633393814,-0.006539074960127622,-0.04728317659352144,0.006539074960127622,False,False,0.026315789473684237,-0.03429027113237637,-0.06060606060606061
392,0.6172684157907917,0.8253408317935792,0.05317604355716876,0.03724082934609241,-0.015935214211076354,-0.03724082934609241,False,False,0.049274047186932846,0.027591706539075,-0.021682340647857845
393,5.831679011703291,3.415467975394787,0.1221415607985481,-0.023365231259968144,-0.14550679205851624,0.023365231259968144,False,False,0.06460980036297642,-0.013237639553429048,-0.07784743991640547
394,1.071786321166063,1.2781541469968354,0.04936479128856619,-0.014114832535885191,-0.06347962382445138,0.014114832535885191,False,True,-0.0033575317604355726,-0.06291866028708132,-0.059561128526645746
395,4.860305193168624,6.133573916061329,0.03303085299455538,0.13700159489633174,0.10397074190177635,-0.13700159489633174,False,False,0.07794918330308531,0.16650717703349277,0.08855799373040746
396,0.67652005382176,0.4507606793432803,0.008166969147005432,0.04944178628389162,0.04127481713688619,-0.04944178628389162,False,False,-0.05317604355716882,0.00821371610845295,0.06138975966562177
397,0.5716945027090732,1.3542746643723265,-0.008076225045372087,-0.04569377990430623,-0.037617554858934144,0.04569377990430623,True,True,-0.022504537205081665,-0.07344497607655504,-0.05094043887147337
398,2.9401391247249116,1.4518394898241929,0.011978221415608004,0.10079744816586922,0.08881922675026122,-0.10079744816586922,False,False,-0.0043557168784029154,0.04736842105263156,0.051724137931034475
399,0.024851953926357973,0.20585239200365243,-0.004264972776769516,0.005661881977671368,0.009926854754440884,-0.005661881977671368,False,False,-0.02540834845735024,0.011164274322169099,0.03657262277951934
400,3.568626145323202,2.9652170087038505,0.06470054446460971,-0.054944178628389184,-0.1196447230929989,0.054944178628389184,False,False,0.024410163339382895,-0.059968102073365226,-0.08437826541274812
401,1.9144762842731606,1.667220662236045,-0.0482758620689655,-0.09242424242424241,-0.044148380355276906,0.09242424242424241,True,True,-0.08856624319419237,-0.0974481658692185,-0.008881922675026133
402,0.44672983385455417,0.6421012445551075,-0.021506352087114378,0.020813397129186617,0.042319749216300995,-0.020813397129186617,False,False,-0.03212341197822144,0.04441786283891547,0.0765412748171369
403,0.27151728909069156,0.40513645476675286,0.025408348457350294,0.03429027113237637,0.008881922675026077,-0.03429027113237637,False,False,0.014791288566243233,0.05789473684210528,0.043103448275862044
404,2.581987008764813,1.1583528840887438,-0.1105263157894737,-0.06507177033492828,0.045454545454545414,0.06507177033492828,False,True,-0.02921960072595281,-0.04019138755980861,-0.010971786833855801
405,0.8238997605598323,0.3781968951792444,-0.06170598911070779,-0.025917065390749672,0.03578892371995812,0.025917065390749672,False,False,0.0023593466424682297,0.014114832535885191,0.011755485893416961
406,7.700375978795768,6.125054531724296,0.13738656987295828,0.18205741626794258,0.04467084639498431,-0.18205741626794258,False,False,0.08466424682395646,0.1332535885167464,0.048589341692789945
407,2.520204103454278,1.9328203089914435,-0.06651542649727765,0.03301435406698572,0.09952978056426337,-0.03301435406698572,False,False,-0.09337568058076229,-0.03851674641148328,0.054858934169279006
408,1.377081579590945,2.0164598514783436,0.03784029038112524,0.07807017543859651,0.04022988505747127,-0.07807017543859651,False,False,0.01860254083484575,0.10925039872408293,0.09064785788923718
409,5.9933137499631535,3.77242271910616,0.15272232304900185,0.14122807017543865,-0.011494252873563204,-0.14122807017543865,False,False,0.09809437386569869,0.06674641148325361,-0.03134796238244508
410,0.33333350054964267,0.5115933740454572,-0.016696914700544463,-0.03811802232854866,-0.0214211076280042,0.03811802232854866,True,False,-0.07613430127041748,-0.053668261562998476,0.022466039707419005
411,3.7252316551723363,3.9943054241021674,0.03502722323049001,-0.08357256778309408,-0.11859979101358409,0.08357256778309408,False,True,-0.0071687840290382,-0.11427432216905908,-0.10710553814002088
412,0.44672983385455417,0.6708445780228517,-0.021506352087114378,0.020813397129186617,0.042319749216300995,-0.020813397129186617,False,False,0.06361161524500908,0.09704944178628389,0.03343782654127481
413,0.37290120486711914,0.5738944213995008,0.021597096188747722,-0.01706539074960134,-0.03866248693834906,0.01706539074960134,False,True,-0.0014519056261342866,-0.03724082934609252,-0.03578892371995823
414,11.789471738197687,11.171200706237993,0.018784029038112493,-0.17870813397129187,-0.19749216300940436,0.17870813397129187,False,True,-0.004264972776769516,-0.1988835725677831,-0.1946185997910136
415,0.507491350613685,0.11018051763111597,-0.04446460980036304,-0.04106858054226481,0.003396029258098232,0.04106858054226481,False,False,0.021506352087114322,0.024641148325358853,0.0031347962382445305
416,1.1032606314186009,1.1487716241001964,-0.05980036297640656,-0.00023923444976070574,0.05956112852664586,0.00023923444976070574,False,False,-0.0426497277676951,0.026315789473684237,0.06896551724137934
417,0.5539867338015625,0.15417296904372063,0.044555353901996275,0.04481658692184998,0.0002612330198537016,-0.04481658692184998,False,False,0.049274047186932846,0.027591706539075,-0.021682340647857845
418,0.1365940818599707,0.0006613182816521464,-0.023411978221415608,-0.004864433811802238,0.01854754440961337,0.004864433811802238,False,False,0.03874773139745913,0.009489633173843659,-0.02925809822361547
419,3.063771547642814,3.7483443039242297,-0.10671506352087107,-0.01371610845295046,0.09299895506792061,0.01371610845295046,False,False,-0.1527223230490018,-0.09577352472089312,0.056948798328108674
420,5.519755829743752,3.2634048563023046,-0.09237749546279489,0.055741626794258425,0.14811912225705332,-0.055741626794258425,False,False,-0.03212341197822144,0.04441786283891547,0.0765412748171369
421,1.0225376297091813,0.19847007034411357,0.01969147005444649,-0.04274322169059008,-0.062434691745036575,0.04274322169059008,False,False,0.00045372050816699927,-0.011562998405103664,-0.012016718913270663
422,4.202175700480637,2.724113650390083,0.13647912885662433,0.046092503987240796,-0.09038662486938354,-0.046092503987240796,False,False,0.09428312159709618,0.0153907496012759,-0.07889237199582028
423,9.645888026183583,6.053294063930174,0.15852994555353905,-0.027990430622009566,-0.18652037617554862,0.027990430622009566,False,False,0.07132486388384751,-0.04649122807017542,-0.11781609195402293
424,3.882791941276047,4.173596418512399,0.09437386569872963,-0.02631578947368418,-0.12068965517241381,0.02631578947368418,False,False,0.09047186932849366,-0.035964912280701755,-0.12643678160919541
425,0.507491350613685,0.27453750070522537,-0.04446460980036304,-0.04106858054226481,0.003396029258098232,0.04106858054226481,False,True,-0.0014519056261342866,-0.03724082934609252,-0.03578892371995823
426,3.779653901683074,6.331574529629988,-0.10571687840290378,-0.12400318979266345,-0.01828631138975967,0.12400318979266345,True,False,-0.16705989110707797,-0.165231259968102,0.0018286311389759669
427,1.7819178135799354,0.8637838143714348,-0.05789473684210522,0.02543859649122815,0.08333333333333337,-0.02543859649122815,False,False,-0.008166969147005432,-0.003987240829346039,0.0041797283176593925
428,1.4407629353611564,0.9731125852182984,0.009165154264972775,-0.06084529505582137,-0.07001044932079414,0.06084529505582137,False,False,0.0368421052631579,-0.01618819776714514,-0.05303030303030304
429,0.4029433507377954,0.4888300411095168,-0.0425589836660617,-0.015390749601275955,0.027168234064785746,0.015390749601275955,False,False,-0.044555353901996386,0.0006379585326953818,0.04519331243469177
430,0.9910633194566454,1.0525749467689234,0.06370235934664248,0.055342902711323694,-0.008359456635318785,-0.055342902711323694,False,False,0.05408348457350276,-0.03133971291866028,-0.08542319749216304
431,1.9144762842731606,1.956038517205634,-0.0482758620689655,-0.09242424242424241,-0.044148380355276906,0.09242424242424241,True,True,-0.050272232304900244,-0.07639553429027118,-0.02612330198537094
432,2.9894655305280944,1.3078835665983168,0.09528130671506357,0.10964912280701761,0.014367816091954033,-0.10964912280701761,False,False,0.012885662431941891,0.03221690590111642,0.01933124346917453
433,0.35037514648884877,0.016248476600431595,-0.002359346642468285,0.031339712918660334,0.03369905956112862,-0.031339712918660334,False,True,-0.010072595281306718,-0.02966507177033495,-0.019592476489028232
434,2.2923900482930506,3.2189140534622322,0.036932849364791354,-0.05789473684210522,-0.09482758620689657,0.05789473684210522,False,False,0.12014519056261341,-0.007336523125996808,-0.12748171368861022
435,0.6448792128271446,1.2614995639430033,0.05127041742286753,0.011562998405103664,-0.03970741901776387,-0.011562998405103664,False,False,0.045462794918330274,-0.02376395534290271,-0.06922675026123298
436,1.01133566179214,1.0794577363765017,-0.04637023593466416,-0.06674641148325355,-0.020376175548589393,0.06674641148325355,True,True,-0.02059891107078038,-0.04776714513556618,-0.0271682340647858
437,4.722140187492136,5.095530785674363,0.11352087114337561,-0.015789473684210575,-0.1293103448275862,0.015789473684210575,False,False,0.09909255898366603,-0.043540669856459324,-0.14263322884012536
438,0.14365498532403265,0.34884987230920533,0.006261343012704201,0.023763955342902654,0.017502612330198453,-0.023763955342902654,False,False,-0.05508166969147005,-0.01746411483253585,0.0376175548589342
439,0.22575464116795285,1.304340107868346,-0.02531760435571684,-0.030542264752791093,-0.0052246603970742544,0.030542264752791093,True,True,-0.022504537205081665,-0.07344497607655504,-0.05094043887147337
440,0.40862760006735543,0.2175189725341932,0.01678765880217792,0.04186602870813405,0.025078369905956133,-0.04186602870813405,False,False,-0.035934664246823955,-0.006937799043062187,0.028996865203761768
441,5.052581587970635,4.041720121055114,0.1163339382940109,0.14585326953748007,0.02951933124346917,-0.14585326953748007,False,False,0.08275862068965517,0.10757575757575755,0.024817136886102376
442,0.27581378223627495,0.595408524348658,0.0024500907441016295,-0.027591706539074945,-0.030041797283176574,0.027591706539074945,False,True,-0.0014519056261342866,-0.03724082934609252,-0.03578892371995823
443,2.0051578243587795,2.090737314521471,-0.0013611615245009423,-0.07894736842105265,-0.07758620689655171,0.07894736842105265,True,True,-0.01388384754990929,-0.0810207336523126,-0.06713688610240331
444,2.6679168716765043,1.1993580993349862,0.056079854809437335,-0.047368421052631615,-0.10344827586206895,0.047368421052631615,False,False,0.04736842105263156,0.00191387559808609,-0.04545454545454547
445,0.5716945027090732,0.14872030401067912,-0.008076225045372087,-0.04569377990430623,-0.037617554858934144,0.04569377990430623,True,False,0.00045372050816699927,-0.011562998405103664,-0.012016718913270663
446,0.5837846345838578,1.0143632970061682,0.011070780399274116,-0.035167464114832514,-0.04623824451410663,0.035167464114832514,False,False,0.045462794918330274,-0.02376395534290271,-0.06922675026123298
447,0.6878774504314057,0.8894791585043693,-0.01098003629764066,0.0389154704944179,0.049895506792058564,-0.0389154704944179,False,False,-0.012976406533575346,0.05494417862838913,0.06792058516196448
448,0.22575464116795285,0.3501619099666953,-0.02531760435571684,-0.030542264752791093,-0.0052246603970742544,0.030542264752791093,True,True,-0.0483666061705989,-0.05071770334928233,-0.0023510971786834256
449,0.22575464116795285,0.9478504545813448,-0.02531760435571684,-0.030542264752791093,-0.0052246603970742544,0.030542264752791093,True,False,-0.10580762250453724,-0.08229665071770337,0.023510971786833867
450,2.0604127245799035,2.5232338197471385,-0.047368421052631615,0.043540669856459324,0.09090909090909094,-0.043540669856459324,False,False,0.056896551724137934,0.13030303030303025,0.07340647857889232
451,2.581987008764813,2.03073783848725,-0.1105263157894737,-0.06507177033492828,0.045454545454545414,0.06507177033492828,False,False,-0.05317604355716882,0.00821371610845295,0.06138975966562177
452,3.2299359220871664,1.6229499463189407,0.12114337568058081,0.08692185007974479,-0.03422152560083602,-0.08692185007974479,False,False,0.044464609800362986,0.08652312599681022,0.04205851619644724
453,0.1365940818599707,0.4282675707159387,-0.023411978221415608,-0.004864433811802238,0.01854754440961337,0.004864433811802238,False,False,-0.023502722323049008,0.0368421052631579,0.060344827586206906
454,0.3081873584960286,0.6764683393542175,0.03212341197822144,0.001036682615629947,-0.031086729362591492,-0.001036682615629947,False,False,0.0732304900181488,-0.020813397129186617,-0.09404388714733541
455,0.12256109132762255,0.4980036922540768,0.023502722323048952,0.008612440191387516,-0.014890282131661436,-0.008612440191387516,False,False,0.05789473684210528,0.020015948963317376,-0.0378787878787879
456,3.6973877150970753,2.2394721833217326,-0.11433756805807616,-0.11642743221690588,-0.002089864158829724,0.11642743221690588,True,False,-0.09528130671506352,-0.06419457735247208,0.031086729362591436
457,0.14365498532403265,0.5378393818554963,0.006261343012704201,0.023763955342902654,0.017502612330198453,-0.023763955342902654,False,False,-0.051270417422867476,0.033891547049441806,0.08516196447230928
458,2.5319722758943817,2.072200974453241,0.03974591651542647,0.10374800637958537,0.0640020898641589,-0.10374800637958537,False,False,0.044464609800362986,0.08652312599681022,0.04205851619644724
459,0.3081873584960286,0.13977908760476832,0.03212341197822144,0.001036682615629947,-0.031086729362591492,-0.001036682615629947,False,False,0.04065335753176047,0.03516746411483257,-0.0054858934169279006
460,1.5920727676122455,2.4531090145391263,0.028312159709618867,-0.05031897926634765,-0.07863113897596652,0.05031897926634765,False,False,0.02250453720508172,-0.08564593301435403,-0.10815047021943575
461,3.0189969821230687,2.9508841343693035,0.11252268602540832,0.09449760765550247,-0.018025078369905856,-0.09449760765550247,False,False,0.08947368421052632,0.07432216905901118,-0.015151515151515138
462,1.4630669527499918,1.3203901385298347,-0.06551724137931036,-0.07727272727272727,-0.011755485893416906,0.07727272727272727,True,True,-0.050272232304900244,-0.07639553429027118,-0.02612330198537094
463,1.1239548516340268,1.3859921168808182,0.07232304900181485,0.047767145135566125,-0.02455590386624873,-0.047767145135566125,False,False,0.07513611615245014,0.004864433811802238,-0.0702716823406479
464,1.7820843443220122,1.4449515439051104,0.08956442831215972,0.03261562998405099,-0.05694879832810873,-0.03261562998405099,False,False,0.06361161524500908,0.09704944178628389,0.03343782654127481
465,1.766819026298293,2.390420456871058,-0.0913793103448276,-0.054545454545454564,0.03683385579937304,0.054545454545454564,False,False,-0.11442831215970961,-0.0747208931419458,0.03970741901776381
466,3.4427955166098854,3.9676629282053955,0.05027223230490013,0.1218500797448166,0.07157784743991646,-0.1218500797448166,False,False,0.10381125226860255,0.14377990430622006,0.039968652037617514
467,0.5539867338015625,0.23155047231949102,0.044555353901996275,0.04481658692184998,0.0002612330198537016,-0.04481658692184998,False,False,-0.035934664246823955,-0.006937799043062187,0.028996865203761768
468,1.4440602440542791,0.9979156126586435,-0.009981851179673318,-0.07137161084529509,-0.06138975966562177,0.07137161084529509,True,False,0.026315789473684237,-0.03429027113237637,-0.06060606060606061
469,2.2923900482930506,2.746712937137637,0.036932849364791354,-0.05789473684210522,-0.09482758620689657,0.05789473684210522,False,False,0.09047186932849366,-0.035964912280701755,-0.12643678160919541
470,0.6976916621644716,0.5514433692153496,-0.04065335753176036,0.010287081339713011,0.05094043887147337,-0.010287081339713011,False,False,-0.027313974591651524,-0.014513556618819756,0.012800417972831768
471,0.6003044841978882,0.2516399761437474,-0.05308529945553542,-0.03349282296650724,0.019592476489028177,0.03349282296650724,False,False,-0.02540834845735024,0.011164274322169099,0.03657262277951934
472,11.577655736325319,14.210031119769662,0.1566243194192377,-0.053668261562998476,-0.2102925809822362,0.053668261562998476,False,False,0.22259528130671502,0.012041467304625186,-0.21055381400208983
473,0.6878774504314057,0.4575429033567996,-0.01098003629764066,0.0389154704944179,0.049895506792058564,-0.0389154704944179,False,False,0.0023593466424682297,0.014114832535885191,0.011755485893416961
474,0.6878774504314057,0.1594894951825222,-0.01098003629764066,0.0389154704944179,0.049895506792058564,-0.0389154704944179,False,False,-0.006261343012704146,0.02169059011164276,0.027951933124346906
475,5.680235954858544,4.157859248077958,-0.01388384754990929,0.12352472089314193,0.13740856844305122,-0.12352472089314193,False,False,-0.0005444646098003991,0.09872408293460921,0.09926854754440961
476,0.40862760006735543,0.22903339071972464,0.01678765880217792,0.04186602870813405,0.025078369905956133,-0.04186602870813405,False,False,0.012885662431941891,0.03221690590111642,0.01933124346917453
477,0.05221850587433138,0.17557509733146623,-0.014791288566243121,-0.012440191387559807,0.0023510971786833146,0.012440191387559807,False,True,-0.0014519056261342866,-0.03724082934609252,-0.03578892371995823
478,0.33333350054964267,0.29252588668356105,-0.016696914700544463,-0.03811802232854866,-0.0214211076280042,0.03811802232854866,True,False,0.03874773139745913,0.009489633173843659,-0.02925809822361547
479,2.581987008764813,0.9761462862031696,-0.1105263157894737,-0.06507177033492828,0.045454545454545414,0.06507177033492828,False,False,-0.037840290381125186,-0.03261562998405104,0.005224660397074143
480,1.071786321166063,0.044392356936803025,0.04936479128856619,-0.014114832535885191,-0.06347962382445138,0.014114832535885191,False,False,-0.05508166969147005,-0.01746411483253585,0.0376175548589342
481,0.1703998225015857,1.4467755249984362,-0.012885662431942002,0.013237639553428937,0.02612330198537094,-0.013237639553428937,False,False,-0.08094373865698729,0.0052631578947368585,0.08620689655172414
482,0.621487194590074,0.5352468947543487,0.0359346642468239,0.05239234449760766,0.016457680250783757,-0.05239234449760766,False,False,0.030127041742286753,0.017065390749601284,-0.01306165099268547
483,0.14365498532403265,0.15343253672182053,0.006261343012704201,0.023763955342902654,0.017502612330198453,-0.023763955342902654,False,False,0.023411978221415608,0.05031897926634771,0.0269070010449321
484,0.27151728909069156,0.21870348696253294,0.025408348457350294,0.03429027113237637,0.008881922675026077,-0.03429027113237637,False,False,-0.006261343012704146,0.02169059011164276,0.027951933124346906
485,2.326706483210369,2.030517416051803,-0.07704174228675137,0.014912280701754432,0.0919540229885058,-0.014912280701754432,False,False,-0.03402903811252267,0.018740031897926668,0.05276907001044934
486,0.010086228128870969,0.38480665271443065,0.00435571687840286,-0.001913875598086201,-0.006269592476489061,0.001913875598086201,False,False,0.03493647912885661,-0.04186602870813394,-0.07680250783699055
487,4.647445598645904,6.146064791274523,0.14700544464609805,0.06419457735247208,-0.08281086729362597,-0.06419457735247208,False,False,0.1574410163339383,0.1240031897926635,-0.03343782654127481
488,2.6011491461531335,2.355978086905491,0.1106170598911071,0.0688197767145135,-0.04179728317659359,-0.0688197767145135,False,False,0.10671506352087118,0.05917065390749604,-0.04754440961337514
489,0.6245957684421753,0.40098801044411075,0.040744101633393814,-0.006539074960127622,-0.04728317659352144,0.006539074960127622,False,False,0.017695099818511806,-0.026714513556618802,-0.04440961337513061
490,1.1561618971517031,0.6505954293960418,-0.019600725952813036,0.04649122807017547,0.06609195402298851,-0.04649122807017547,False,False,0.012885662431941891,0.03221690590111642,0.01933124346917453
491,2.3073223048326157,3.2222754102137734,0.09818511796733209,0.025039872408293418,-0.07314524555903867,-0.025039872408293418,False,False,0.12586206896551722,0.0696969696969697,-0.056165099268547514
492,4.086159283500384,1.9242028860371758,0.04165154264972776,0.12942583732057417,0.08777429467084641,-0.12942583732057417,False,False,0.0425589836660617,0.06084529505582137,0.01828631138975967
493,0.37290120486711914,1.3910982019114577,0.021597096188747722,-0.01706539074960134,-0.03866248693834906,0.01706539074960134,False,False,0.05408348457350276,-0.03133971291866028,-0.08542319749216304
494,1.766819026298293,1.4938172181211669,-0.0913793103448276,-0.054545454545454564,0.03683385579937304,0.054545454545454564,False,True,-0.050272232304900244,-0.07639553429027118,-0.02612330198537094
495,4.860305193168624,4.2282328865404315,0.03303085299455538,0.13700159489633174,0.10397074190177635,-0.13700159489633174,False,False,0.009981851179673318,0.1168261562998405,0.10684430512016718
496,1.7673186185245264,1.4844221380885516,0.029219600725952755,0.08564593301435408,0.056426332288401326,-0.08564593301435408,False,False,0.07894736842105265,0.05622009569377995,-0.022727272727272707
497,1.148834544500319,3.254353050758426,0.018693284936479038,0.0675438596491228,0.04885057471264376,-0.0675438596491228,False,False,0.08466424682395646,0.1332535885167464,0.048589341692789945
498,2.069405384652055,3.154891597228232,-0.08466424682395646,-0.08779904306220099,-0.0031347962382445305,0.08779904306220099,True,False,-0.0971869328493648,-0.08987240829346094,0.007314524555903867
499,0.8238997605598323,1.6592743527216873,-0.06170598911070779,-0.025917065390749672,0.03578892371995812,0.025917065390749672,False,False,-0.08475499092558991,-0.04609250398724085,0.03866248693834906
500,4.6979377196436225,4.702927401252592,-0.13348457350272236,-0.1269537480063796,0.0065308254963427625,0.1269537480063796,False,True,-0.10099818511796727,-0.14122807017543854,-0.04022988505747127
501,0.621487194590074,0.17776996015492066,0.0359346642468239,0.05239234449760766,0.016457680250783757,-0.05239234449760766,False,False,0.01960072595281309,-0.0010366826156300024,-0.020637408568443094
502,1.9144762842731606,1.960977154295388,-0.0482758620689655,-0.09242424242424241,-0.044148380355276906,0.09242424242424241,True,False,0.05408348457350276,-0.03133971291866028,-0.08542319749216304
503,3.0144118356912144,3.2888692479697785,-0.11914700544464613,-0.05749601275917071,0.061650992685475414,0.05749601275917071,False,False,-0.11633393829401095,-0.10039872408293465,0.0159352142110763
504,1.4440602440542791,1.0243951865395007,-0.009981851179673318,-0.07137161084529509,-0.06138975966562177,0.07137161084529509,True,False,0.0052631578947368585,-0.07049441786283889,-0.07575757575757575
505,0.6245957684421753,0.4305904766595013,0.040744101633393814,-0.006539074960127622,-0.04728317659352144,0.006539074960127622,False,False,0.01098003629764066,0.006539074960127622,-0.0044409613375130386
506,0.27581378223627495,0.5591156987441752,0.0024500907441016295,-0.027591706539074945,-0.030041797283176574,0.027591706539074945,False,False,0.055989110707803935,-0.005661881977671479,-0.061650992685475414
507,4.499788340671037,4.455000257822967,0.06079854809437385,0.13995215311004788,0.07915360501567403,-0.13995215311004788,False,False,0.02050816696914698,0.13492822966507173,0.11442006269592475
508,1.6086814336220527,2.1808427688349243,0.010072595281306662,0.07511961722488036,0.0650470219435737,-0.07511961722488036,False,False,-0.05989110707803991,0.041467304625199375,0.10135841170323928
509,1.3994633113260806,3.0663333899383467,-0.08085299455535389,-0.03644338118022328,0.04440961337513061,0.03644338118022328,False,False,-0.13548094373865693,-0.11092503987240826,0.024555903866248674
510,2.8303509574983305,2.088825966343001,-0.10381125226860255,-0.0983253588516747,0.005485893416927845,0.0983253588516747,False,False,-0.08666061705989109,-0.07177033492822965,0.014890282131661436
511,2.35851385494706,3.882554178941719,0.06660617059891105,-0.02926634768740033,-0.09587251828631138,0.02926634768740033,False,False,0.10961887477313975,-0.025438596491228038,-0.1350574712643678
512,0.3896430954705861,1.3695544950963994,0.042649727767695156,0.019138755980861233,-0.023510971786833923,-0.019138755980861233,False,False,0.10480943738656989,0.033492822966507185,-0.07131661442006271
513,0.05221850587433138,0.23850073491575358,-0.014791288566243121,-0.012440191387559807,0.0023510971786833146,0.012440191387559807,False,True,-0.05889292196007262,-0.06881977671451361,-0.009926854754440995
514,0.3896430954705861,0.021862729698104426,0.042649727767695156,0.019138755980861233,-0.023510971786833923,-0.019138755980861233,False,False,0.00907441016333943,-0.019138755980861233,-0.028213166144200663
515,0.22575464116795285,0.023283802446817936,-0.02531760435571684,-0.030542264752791093,-0.0052246603970742544,0.030542264752791093,True,False,-0.02540834845735024,0.011164274322169099,0.03657262277951934
516,2.3073223048326157,2.7154110450173667,0.09818511796733209,0.025039872408293418,-0.07314524555903867,-0.025039872408293418,False,False,0.11533575317604355,0.051594896331738416,-0.06374085684430514
517,0.5716945027090732,1.7399102374267095,-0.008076225045372087,-0.04569377990430623,-0.037617554858934144,0.04569377990430623,True,False,0.02250453720508172,-0.08564593301435403,-0.10815047021943575
518,2.071470365853809,1.005274145150674,0.01778584392014515,-0.06842105263157894,-0.08620689655172409,0.06842105263157894,False,False,0.007168784029038089,-0.04481658692185009,-0.05198537095088818
519,2.378219992759496,1.7328590904939052,-0.09809437386569869,-0.02129186602870803,0.07680250783699066,0.02129186602870803,False,True,-0.07803992740471866,-0.07934609250398722,-0.0013061650992685636
520,4.686613629182392,4.619379891743208,-0.14691470054446465,-0.06044657097288686,0.08646812957157779,0.06044657097288686,False,False,-0.13166969147005447,-0.059569377990430605,0.07210031347962387
521,0.8238997605598323,0.8666979579073408,-0.06170598911070779,-0.025917065390749672,0.03578892371995812,0.025917065390749672,False,False,-0.06370235934664248,-0.00988835725677828,0.0538140020898642
522,0.7504819074028543,0.3155248921902685,0.030217785843920097,-0.024641148325358908,-0.054858934169279006,0.024641148325358908,False,False,0.00045372050816699927,-0.011562998405103664,-0.012016718913270663
523,5.853094865134381,3.475303148321526,-0.15263157894736845,-0.1374800637958533,0.015151515151515138,0.1374800637958533,False,False,-0.10580762250453724,-0.08229665071770337,0.023510971786833867
524,1.0751946503539052,1.0180627337690207,-0.00045372050816694376,0.05701754385964919,0.05747126436781613,-0.05701754385964919,False,False,0.004264972776769516,0.03979266347687399,0.035527690700104475
525,2.8303509574983305,4.603751616176996,-0.10381125226860255,-0.0983253588516747,0.005485893416927845,0.0983253588516747,False,True,-0.12014519056261341,-0.15175438596491225,-0.03160919540229884
526,2.3290379135994472,1.5956833042170424,0.10199637023593461,0.07639553429027107,-0.025600835945663536,-0.07639553429027107,False,False,0.06170598911070785,0.07137161084529509,0.009665621734587238
527,3.992702231046812,5.727989850083574,-0.0970961887477314,-0.13157894736842102,-0.03448275862068961,0.13157894736842102,True,True,-0.08185117967332128,-0.13070175438596493,-0.048850574712643646
528,0.5539867338015625,0.42131411572129146,0.044555353901996275,0.04481658692184998,0.0002612330198537016,-0.04481658692184998,False,False,0.012885662431941891,0.03221690590111642,0.01933124346917453
529,2.9207216401987424,3.3722863988454153,-0.0071687840290382,0.0902711323763955,0.0974399164054337,-0.0902711323763955,False,False,-0.028312159709618867,0.09577352472089312,0.12408568443051199
530,0.3896430954705861,0.44028195958639005,0.042649727767695156,0.019138755980861233,-0.023510971786833923,-0.019138755980861233,False,False,0.06842105263157894,0.03811802232854866,-0.030303030303030276
531,4.827221085742673,2.6784497980852233,-0.12395644283121593,0.0014354066985646785,0.1253918495297806,-0.0014354066985646785,False,False,-0.0426497277676951,0.026315789473684237,0.06896551724137934
532,0.7142115117785006,0.9711850159130105,-0.02722323049001818,-0.05622009569377995,-0.028996865203761768,0.05622009569377995,True,True,-0.022504537205081665,-0.07344497607655504,-0.05094043887147337
533,5.450756592276544,6.0021056639721975,-0.024319419237749607,-0.14082934609250397,-0.11650992685475436,0.14082934609250397,True,True,-0.0368421052631579,-0.14290271132376398,-0.10606060606060608
534,0.9889539300570047,0.9624523045139899,0.05508166969146999,0.06291866028708137,0.007836990595611382,-0.06291866028708137,False,False,0.025317604355716894,0.07599681020733651,0.05067920585161961
535,1.2412591063530067,0.9400217907086372,-0.037749546279491786,-0.07432216905901112,-0.03657262277951934,0.07432216905901112,True,False,0.007168784029038089,-0.04481658692185009,-0.05198537095088818
536,0.1703998225015857,0.6512269509091524,-0.012885662431942002,0.013237639553428937,0.02612330198537094,-0.013237639553428937,False,False,-0.08475499092558991,-0.04609250398724085,0.03866248693834906
537,3.00404252148456,1.399946869029159,0.11923774954627947,0.061244019138755934,-0.057993730407523536,-0.061244019138755934,False,False,0.06842105263157894,0.03811802232854866,-0.030303030303030276
538,0.507491350613685,1.1268759863861584,-0.04446460980036304,-0.04106858054226481,0.003396029258098232,0.04106858054226481,False,True,-0.06941923774954623,-0.08692185007974479,-0.017502612330198564
539,0.40862760006735543,0.08956182668137856,0.01678765880217792,0.04186602870813405,0.025078369905956133,-0.04186602870813405,False,False,0.01960072595281309,-0.0010366826156300024,-0.020637408568443094
540,2.1094837832452336,1.6936972915168793,-0.09328493647912883,-0.08022328548644342,0.013061650992685414,0.08022328548644342,False,True,-0.0483666061705989,-0.05071770334928233,-0.0023510971786834256
541,4.16836995983902,4.698289900886903,0.08384754990925591,-0.04441786283891547,-0.12826541274817138,0.04441786283891547,False,False,0.07994555353902,-0.054066985645932986,-0.13401253918495298
542,0.7142115117785006,0.39236027499768183,-0.02722323049001818,-0.05622009569377995,-0.028996865203761768,0.05622009569377995,True,False,0.00045372050816699927,-0.011562998405103664,-0.012016718913270663
543,2.930213892497127,3.8124007057397256,0.05889292196007262,0.11427432216905903,0.05538140020898641,-0.11427432216905903,False,False,0.01860254083484575,0.10925039872408293,0.09064785788923718
544,3.5377180395937278,3.3532443630693036,0.12785843920145185,0.053668261562998365,-0.07419017763845348,-0.053668261562998365,False,False,0.09237749546279489,-0.0102870813397129,-0.10266457680250779
545,0.6877109196893278,0.9165105857848255,-0.051179673321234076,-0.007814992025518386,0.04336468129571569,0.007814992025518386,False,False,-0.07613430127041748,-0.053668261562998476,0.022466039707419005
546,1.1062581847759847,2.944149718844268,-0.0722323049001814,-0.04401913875598085,0.028213166144200552,0.04401913875598085,False,False,-0.12686025408348456,-0.11850079744816583,0.00835945663531873
547,1.6086814336220527,0.29394418506099423,0.010072595281306662,0.07511961722488036,0.0650470219435737,-0.07511961722488036,False,False,-0.008166969147005432,-0.003987240829346039,0.0041797283176593925
548,1.3994633113260806,2.1027073725215,-0.08085299455535389,-0.03644338118022328,0.04440961337513061,0.03644338118022328,False,False,-0.0971869328493648,-0.08987240829346094,0.007314524555903867
549,1.6019646936916139,2.8798962110938797,-0.02912885662431941,-0.08189792663476869,-0.05276907001044928,0.08189792663476869,True,True,-0.06270417422867514,-0.12017543859649121,-0.05747126436781608
550,3.216913218056747,3.2103940824896893,-0.050181488203266844,-0.11810207336523126,-0.06792058516196442,0.11810207336523126,True,False,0.02250453720508172,-0.08564593301435403,-0.10815047021943575
551,0.6172684157907917,1.5822770316756838,0.05317604355716876,0.03724082934609241,-0.015935214211076354,-0.03724082934609241,False,False,0.12776769509981856,0.09537480063795856,-0.03239289446186
552,2.859871307043835,1.588425154582829,-0.055989110707804046,0.05111642743221689,0.10710553814002094,-0.05111642743221689,False,False,-0.03212341197822144,0.04441786283891547,0.0765412748171369
553,5.9933137499631535,4.651695231146242,0.15272232304900185,0.14122807017543865,-0.011494252873563204,-0.14122807017543865,False,False,0.09519056261343012,0.15135566188197763,0.056165099268547514
554,2.715722296702051,3.6603898598566147,-0.011887477313974548,-0.09704944178628383,-0.08516196447230928,0.09704944178628383,True,True,-0.10099818511796727,-0.14122807017543854,-0.04022988505747127
555,0.2651891208917685,0.7203622305537417,0.03402903811252267,0.026714513556618802,-0.007314524555903867,-0.026714513556618802,False,False,0.0425589836660617,0.06084529505582137,0.01828631138975967
556,0.6877109196893278,0.148839404562763,-0.051179673321234076,-0.007814992025518386,0.04336468129571569,0.007814992025518386,False,False,-0.027313974591651524,-0.014513556618819756,0.012800417972831768
557,0.09862507266643278,0.5900674204685694,-0.006170598911070746,-0.020015948963317376,-0.01384535005224663,0.020015948963317376,True,False,0.007168784029038089,-0.04481658692185009,-0.05198537095088818
558,2.895408967403049,2.3216579484309925,0.09627949183303075,-0.0006379585326954373,-0.09691745036572619,0.0006379585326954373,False,False,0.0856624319419238,0.02296650717703347,-0.06269592476489033
559,1.0137448065275196,0.8762857832344461,-0.018602540834845804,-0.06379585326953752,-0.04519331243469171,0.06379585326953752,True,True,-0.050272232304900244,-0.07639553429027118,-0.02612330198537094
560,3.4830626500440838,2.3283567863312538,0.07803992740471871,0.12480063795853275,0.04676071055381403,-0.12480063795853275,False,False,0.08085299455535389,0.08189792663476875,0.001044932079414862
561,2.963342408120961,4.0648566123647685,0.10680580762250447,0.01746411483253585,-0.08934169278996862,-0.01746411483253585,False,False,0.08185117967332117,-0.028389154704944186,-0.11024033437826536
562,1.8234505806539179,2.1083509129808458,-0.08947368421052626,-0.02886762360446571,0.06060606060606055,0.02886762360446571,False,False,-0.11252268602540832,-0.04904306220095689,0.06347962382445144
563,3.7501446541870456,2.773428967985926,0.11542649727767695,0.00988835725677828,-0.10553814002089867,-0.00988835725677828,False,False,0.09428312159709618,0.0153907496012759,-0.07889237199582028
564,1.0751946503539052,1.2821732517539528,-0.00045372050816694376,0.05701754385964919,0.05747126436781613,-0.05701754385964919,False,False,0.0061705989110708015,0.06547049441786285,0.059299895506792044
565,6.7811706907290565,5.290802324192682,-0.10099818511796727,0.063317384370016,0.16431556948798326,-0.063317384370016,False,False,-0.07713248638838471,0.05661881977671451,0.13375130616509923
566,5.831679011703291,5.276297240214346,0.1221415607985481,-0.023365231259968144,-0.14550679205851624,0.023365231259968144,False,False,0.12014519056261341,-0.007336523125996808,-0.12748171368861022
567,2.1771618768252967,2.7526302971575696,0.08475499092558986,0.09154704944178632,0.006792058516196464,-0.09154704944178632,False,False,0.06361161524500908,0.09704944178628389,0.03343782654127481
568,0.12256109132762255,0.25484097427592695,0.023502722323048952,0.008612440191387516,-0.014890282131661436,-0.008612440191387516,False,False,0.03203266787658804,0.04274322169059014,0.0107105538140021
569,0.5716945027090732,0.3021644337300704,-0.008076225045372087,-0.04569377990430623,-0.037617554858934144,0.04569377990430623,True,False,0.049274047186932846,0.027591706539075,-0.021682340647857845
570,1.511027806468147,1.6788913059972252,0.0742286751361162,0.07344497607655509,-0.0007836990595611049,-0.07344497607655509,False,False,0.10480943738656989,0.033492822966507185,-0.07131661442006271
571,2.963342408120961,2.6174812417811713,0.10680580762250447,0.01746411483253585,-0.08934169278996862,-0.01746411483253585,False,False,0.09237749546279489,-0.0102870813397129,-0.10266457680250779
572,0.1365940818599707,0.25369060694154466,-0.023411978221415608,-0.004864433811802238,0.01854754440961337,0.004864433811802238,False,False,-0.06560798548094376,-0.035566188197767135,0.03004179728317663
573,0.8238997605598323,0.492516585957156,-0.06170598911070779,-0.025917065390749672,0.03578892371995812,0.025917065390749672,False,False,-0.035934664246823955,-0.006937799043062187,0.028996865203761768
574,0.44672983385455417,0.8731799890816874,-0.021506352087114378,0.020813397129186617,0.042319749216300995,-0.020813397129186617,False,False,-0.01107078039927406,0.08062200956937798,0.09169278996865204
575,2.2883378002358485,2.899815225713143,0.02059891107078038,0.09322169059011165,0.07262277951933127,-0.09322169059011165,False,False,-0.0005444646098003991,0.09872408293460921,0.09926854754440961
576,0.33333350054964267,0.5082132643941332,-0.016696914700544463,-0.03811802232854866,-0.0214211076280042,0.03811802232854866,True,False,0.007168784029038089,-0.04481658692185009,-0.05198537095088818
577,0.12610264510912467,0.2720988830052079,0.012976406533575235,-0.00948963317384377,-0.022466039707419005,0.00948963317384377,False,True,-0.022504537205081665,-0.07344497607655504,-0.05094043887147337
578,0.12610264510912467,0.9361859551490347,0.012976406533575235,-0.00948963317384377,-0.022466039707419005,0.00948963317384377,False,False,0.09618874773139752,0.041068580542264754,-0.05512016718913276
579,3.7459036712888185,2.95930044407697,-0.12295825771324864,-0.10885167464114831,0.014106583072100332,0.10885167464114831,False,False,-0.11442831215970961,-0.0747208931419458,0.03970741901776381
580,0.621487194590074,0.9401751810499002,0.0359346642468239,0.05239234449760766,0.016457680250783757,-0.05239234449760766,False,False,0.0425589836660617,0.06084529505582137,0.01828631138975967
581,4.271607917877238,2.3268639890859504,-0.13638838475499093,-0.04234449760765546,0.09404388714733547,0.04234449760765546,False,False,-0.0742286751361162,-0.027990430622009566,0.04623824451410663
582,1.5827470460559403,2.872257927988025,0.08284936479128857,0.06586921850079741,-0.01698014629049116,-0.06586921850079741,False,False,0.07413793103448274,0.11515151515151512,0.041013584117032376
583,2.1601091288366168,1.5795724480169788,-0.07604355716878408,-0.09537480063795856,-0.019331243469174475,0.09537480063795856,True,False,-0.056987295825771334,-0.04314194577352476,0.013845350052246574
584,0.8238997605598323,1.2190927668723806,-0.06170598911070779,-0.025917065390749672,0.03578892371995812,0.025917065390749672,False,True,-0.0483666061705989,-0.05071770334928233,-0.0023510971786834256
585,0.09862507266643278,0.080918591510997,-0.006170598911070746,-0.020015948963317376,-0.01384535005224663,0.020015948963317376,True,False,-0.016787658802177807,0.0035885167464115297,0.020376175548589337
586,1.1176266834351045,0.7731818308488895,0.04646098003629762,0.07049441786283894,0.024033437826541326,-0.07049441786283894,False,False,0.03203266787658804,0.04274322169059014,0.0107105538140021
587,2.178216571525116,0.9410900613854157,0.08765880217785837,0.006937799043062132,-0.08072100313479624,-0.006937799043062132,False,False,0.06842105263157894,0.03811802232854866,-0.030303030303030276
588,2.5319722758943817,2.8777546636480005,0.03974591651542647,0.10374800637958537,0.0640020898641589,-0.10374800637958537,False,False,0.07413793103448274,0.11515151515151512,0.041013584117032376
589,0.7504819074028543,0.7342884961034423,0.030217785843920097,-0.024641148325358908,-0.054858934169279006,0.024641148325358908,False,False,0.00907441016333943,-0.019138755980861233,-0.028213166144200663
590,1.1032606314186009,0.6668586060648772,-0.05980036297640656,-0.00023923444976070574,0.05956112852664586,0.00023923444976070574,False,False,-0.035934664246823955,-0.006937799043062187,0.028996865203761768
591,0.09862507266643278,0.147837101052129,-0.006170598911070746,-0.020015948963317376,-0.01384535005224663,0.020015948963317376,True,True,-0.02921960072595281,-0.04019138755980861,-0.010971786833855801
592,1.3994633113260806,1.7610639554309955,-0.08085299455535389,-0.03644338118022328,0.04440961337513061,0.03644338118022328,False,False,-0.07232304900181485,-0.0023125996810207106,0.07001044932079414
593,0.621487194590074,0.47089157250701114,0.0359346642468239,0.05239234449760766,0.016457680250783757,-0.05239234449760766,False,False,-0.016787658802177807,0.0035885167464115297,0.020376175548589337
594,2.938840184936711,1.856159555422498,0.10390199637023595,0.10207336523126004,-0.0018286311389759113,-0.10207336523126004,False,False,0.03393829401088927,0.06842105263157894,0.03448275862068967
595,0.22575464116795285,0.8295044423732831,-0.02531760435571684,-0.030542264752791093,-0.0052246603970742544,0.030542264752791093,True,False,0.03493647912885661,-0.04186602870813394,-0.07680250783699055
596,7.8640201880100165,8.220333669709486,0.10970961887477315,-0.06714513556618817,-0.17685475444096133,0.06714513556618817,False,False,0.11442831215970961,-0.08437001594896332,-0.19879832810867293
597,0.37290120486711914,0.5555544921174596,0.021597096188747722,-0.01706539074960134,-0.03866248693834906,0.01706539074960134,False,False,0.0368421052631579,-0.01618819776714514,-0.05303030303030304
598,5.950215593913642,5.906001712039046,-0.1660617059891107,-0.07097288676236047,0.09508881922675022,0.07097288676236047,False,False,-0.1699637023593466,-0.08062200956937793,0.08934169278996867
599,0.40862760006735543,1.282138674273148,0.01678765880217792,0.04186602870813405,0.025078369905956133,-0.04186602870813405,False,False,0.025317604355716894,0.07599681020733651,0.05067920585161961
600,2.1185319535647484,1.5508255569744334,0.10009074410163343,0.05071770334928227,-0.04937304075235116,-0.05071770334928227,False,False,0.049274047186932846,0.027591706539075,-0.021682340647857845
601,8.365666293393055,10.546777863328606,-0.17368421052631577,-0.17368421052631577,0.0,0.17368421052631577,False,False,-0.22259528130671508,-0.1711323763955343,0.051462904911180773
602,0.621487194590074,0.27620366279408315,0.0359346642468239,0.05239234449760766,0.016457680250783757,-0.05239234449760766,False,False,0.030127041742286753,0.017065390749601284,-0.01306165099268547
603,0.3896430954705861,0.6295686941864668,0.042649727767695156,0.019138755980861233,-0.023510971786833923,-0.019138755980861233,False,False,0.06651542649727765,0.012440191387559807,-0.054075235109717845
604,1.5920727676122455,2.0308210497694,0.028312159709618867,-0.05031897926634765,-0.07863113897596652,0.05031897926634765,False,True,-0.0052631578947368585,-0.08859649122807017,-0.08333333333333331
605,0.24895792456400379,0.12466866095486782,-0.033938294010889325,-0.022966507177033524,0.010971786833855801,0.022966507177033524,False,False,-0.008166969147005432,-0.003987240829346039,0.0041797283176593925
606,0.9438352010036292,1.6704717645096536,-0.06361161524500902,-0.051594896331738416,0.012016718913270608,0.051594896331738416,False,False,-0.07613430127041748,-0.053668261562998476,0.022466039707419005
607,0.8538419879852633,2.3985088715375773,-0.030127041742286753,0.028389154704944186,0.05851619644723094,-0.028389154704944186,False,False,0.03774954627949184,0.11977671451355659,0.08202716823406475
608,0.6878774504314057,0.47127324979607027,-0.01098003629764066,0.0389154704944179,0.049895506792058564,-0.0389154704944179,False,False,-0.04646098003629762,-0.025039872408293418,0.0214211076280042
609,0.1703998225015857,0.8309275653628683,-0.012885662431942002,0.013237639553428937,0.02612330198537094,-0.013237639553428937,False,False,-0.09337568058076229,-0.03851674641148328,0.054858934169279006
610,1.1361782081024725,0.7230600303982099,0.07041742286751351,0.02208931419457727,-0.04832810867293624,-0.02208931419457727,False,False,0.04065335753176047,0.03516746411483257,-0.0054858934169279006
611,4.285441071519096,4.5415858021063364,0.14029038112522685,0.09744816586921845,-0.0428422152560084,-0.09744816586921845,False,False,0.12967332123411973,0.12105263157894736,-0.008620689655172376
612,1.6233805471227059,1.096455991487522,-0.05689655172413788,-0.08484848484848484,-0.02795193312434696,0.08484848484848484,True,True,-0.0014519056261342866,-0.03724082934609252,-0.03578892371995823
613,3.0559112966167854,1.0306165886716578,-0.02631578947368418,0.0797448165869219,0.10606060606060608,-0.0797448165869219,False,False,-0.044555353901996386,0.0006379585326953818,0.04519331243469177
614,0.12256109132762255,0.5035536743304445,0.023502722323048952,0.008612440191387516,-0.014890282131661436,-0.008612440191387516,False,False,0.028221415607985467,-0.008612440191387571,-0.03683385579937304
615,1.5920727676122455,2.8390450498825635,0.028312159709618867,-0.05031897926634765,-0.07863113897596652,0.05031897926634765,False,True,-0.017695099818511806,-0.13237639553429026,-0.11468129571577845
616,0.35037514648884877,0.14485896447006952,-0.002359346642468285,0.031339712918660334,0.03369905956112862,-0.031339712918660334,False,False,0.0023593466424682297,0.014114832535885191,0.011755485893416961
617,0.8197697981563262,0.6742780338237273,0.027313974591651524,0.059968102073365226,0.0326541274817137,-0.059968102073365226,False,False,-0.012976406533575346,0.05494417862838913,0.06792058516196448
618,1.148834544500319,1.267709311447423,0.018693284936479038,0.0675438596491228,0.04885057471264376,-0.0675438596491228,False,False,-0.0043557168784029154,0.04736842105263156,0.051724137931034475
619,0.621487194590074,0.6107556764785996,0.0359346642468239,0.05239234449760766,0.016457680250783757,-0.05239234449760766,False,False,0.0061705989110708015,0.06547049441786285,0.059299895506792044
620,0.010086228128870969,0.26341035151337544,0.00435571687840286,-0.001913875598086201,-0.006269592476489061,0.001913875598086201,False,True,-0.02921960072595281,-0.04019138755980861,-0.010971786833855801
621,0.27151728909069156,0.46803338812971945,0.025408348457350294,0.03429027113237637,0.008881922675026077,-0.03429027113237637,False,False,0.004264972776769516,0.03979266347687399,0.035527690700104475
622,0.010086228128870969,0.32787594332676345,0.00435571687840286,-0.001913875598086201,-0.006269592476489061,0.001913875598086201,False,False,-0.014882032667876577,0.02926634768740033,0.044148380355276906
623,3.0033208882688904,2.5592689432645597,-0.0865698729582578,-0.11347687400318984,-0.026907001044932044,0.11347687400318984,True,True,-0.05217785843920142,-0.10207336523125993,-0.04989550679205851
624,0.6448792128271446,1.106244456797979,0.05127041742286753,0.011562998405103664,-0.03970741901776387,-0.011562998405103664,False,False,0.055989110707803935,-0.005661881977671479,-0.061650992685475414
625,0.9889539300570047,2.130702832636908,0.05508166969146999,0.06291866028708137,0.007836990595611382,-0.06291866028708137,False,False,0.02050816696914698,0.13492822966507173,0.11442006269592475
626,2.3290379135994472,2.507255624823253,0.10199637023593461,0.07639553429027107,-0.025600835945663536,-0.07639553429027107,False,False,0.09137931034482755,0.09999999999999998,0.008620689655172431
627,0.8238997605598323,1.2237144535677749,-0.06170598911070779,-0.025917065390749672,0.03578892371995812,0.025917065390749672,False,True,-0.054083484573502705,-0.12775119617224878,-0.07366771159874608
628,1.6233805471227059,0.8323657279396839,-0.05689655172413788,-0.08484848484848484,-0.02795193312434696,0.08484848484848484,True,False,0.017695099818511806,-0.026714513556618802,-0.04440961337513061
629,1.3994633113260806,1.0644033133811217,-0.08085299455535389,-0.03644338118022328,0.04440961337513061,0.03644338118022328,False,False,-0.037840290381125186,-0.03261562998405104,0.005224660397074143
630,0.7504819074028543,1.3973083361589849,0.030217785843920097,-0.024641148325358908,-0.054858934169279006,0.024641148325358908,False,False,0.0052631578947368585,-0.07049441786283889,-0.07575757575757575
631,1.5476978758734834,1.8805304308005752,0.0685117967332124,-0.0035885167464114742,-0.07210031347962387,0.0035885167464114742,False,False,0.03493647912885661,-0.04186602870813394,-0.07680250783699055
632,3.6973877150970753,4.679148286767314,-0.11433756805807616,-0.11642743221690588,-0.002089864158829724,0.11642743221690588,True,True,-0.08375680580762246,-0.15637958532695373,-0.07262277951933127
633,12.030175272795667,10.855186989522055,-0.038656987295825784,-0.2102870813397129,-0.17163009404388713,0.2102870813397129,True,False,0.056987295825771334,-0.11594896331738436,-0.1729362591431557
634,1.0308974729614435,0.9159944328436959,0.05989110707803991,0.003987240829346095,-0.05590386624869381,-0.003987240829346095,False,False,0.026315789473684237,-0.03429027113237637,-0.06060606060606061
635,1.4440602440542791,0.6077157182192345,-0.009981851179673318,-0.07137161084529509,-0.06138975966562177,0.07137161084529509,True,False,0.017695099818511806,-0.026714513556618802,-0.04440961337513061
636,1.1782771796995168,1.4030132010788534,-0.07032667876588028,-0.018341307814992103,0.05198537095088818,0.018341307814992103,False,False,-0.05508166969147005,-0.01746411483253585,0.0376175548589342
637,3.123489471751596,2.0892187221089307,0.04555353901996373,-0.06547049441786279,-0.11102403343782652,0.06547049441786279,False,False,0.026315789473684237,-0.03429027113237637,-0.06060606060606061
638,2.6011491461531335,1.8976213768718169,0.1106170598911071,0.0688197767145135,-0.04179728317659359,-0.0688197767145135,False,False,0.05789473684210528,0.020015948963317376,-0.0378787878787879
639,1.604651389663791,1.5774355235005784,-0.00907441016333932,0.06459330143540676,0.07366771159874608,-0.06459330143540676,False,False,-0.012976406533575346,0.05494417862838913,0.06792058516196448
640,2.297397072604833,2.6757685313534334,0.07613430127041737,0.09912280701754389,0.02298850574712652,-0.09912280701754389,False,False,0.05499092558983665,0.10462519936204145,0.04963427377220481
641,0.1365940818599707,0.056474576107971214,-0.023411978221415608,-0.004864433811802238,0.01854754440961337,0.004864433811802238,False,True,-0.01869328493647915,-0.02208931419457738,-0.003396029258098232
642,1.1561618971517031,0.33801346509050534,-0.019600725952813036,0.04649122807017547,0.06609195402298851,-0.04649122807017547,False,False,-0.027313974591651524,-0.014513556618819756,0.012800417972831768
643,2.938840184936711,3.812851978265036,0.10390199637023595,0.10207336523126004,-0.0018286311389759113,-0.10207336523126004,False,False,0.12105263157894736,0.12862838915470493,0.007575757575757569
644,1.5920727676122455,1.5585259180798399,0.028312159709618867,-0.05031897926634765,-0.07863113897596652,0.05031897926634765,False,False,0.013883847549909234,-0.07807017543859646,-0.09195402298850569
645,0.9408376476462443,1.6806874628219417,0.0005444646098003991,-0.0532695374800638,-0.0538140020898642,0.0532695374800638,False,False,0.0052631578947368585,-0.07049441786283889,-0.07575757575757575
646,6.344593697300204,6.069171698011509,-0.16415607985480946,-0.04529505582137161,0.11886102403343785,0.04529505582137161,False,False,-0.12785843920145196,-0.008213716108453006,0.11964472309299895
647,4.676144396530491,3.450165528631875,-0.14882032667876582,-0.0861244019138756,0.06269592476489022,0.0861244019138756,False,False,-0.0742286751361162,-0.027990430622009566,0.04623824451410663
648,1.071786321166063,2.115240596217113,0.04936479128856619,-0.014114832535885191,-0.06347962382445138,0.014114832535885191,False,False,0.0732304900181488,-0.020813397129186617,-0.09404388714733541
649,3.063771547642814,2.013013861011082,-0.10671506352087107,-0.01371610845295046,0.09299895506792061,0.01371610845295046,False,False,-0.0024500907441016295,0.07304625199362041,0.07549634273772204
650,1.6019646936916139,0.9672226788346409,-0.02912885662431941,-0.08189792663476869,-0.05276907001044928,0.08189792663476869,True,True,-0.02059891107078038,-0.04776714513556618,-0.0271682340647858
651,3.9479387675765407,4.303866625454011,0.10580762250453724,0.12775119617224884,0.021943573667711602,-0.12775119617224884,False,False,0.08466424682395646,0.1332535885167464,0.048589341692789945
652,0.1703998225015857,1.0265368983315664,-0.012885662431942002,0.013237639553428937,0.02612330198537094,-0.013237639553428937,False,False,-0.0024500907441016295,0.07304625199362041,0.07549634273772204
653,4.6979377196436225,4.2820277913910205,-0.13348457350272236,-0.1269537480063796,0.0065308254963427625,0.1269537480063796,False,True,-0.11823956442831213,-0.1260765550239234,-0.00783699059561127
654,7.175515487967198,4.623781209961327,-0.1459165154264972,-0.17073365231259963,-0.02481713688610243,0.17073365231259963,True,True,-0.09047186932849366,-0.12312599681020736,-0.0326541274817137
655,4.816063526023518,3.719521369343675,-0.14210526315789473,-0.11937799043062203,0.022727272727272707,0.11937799043062203,False,False,-0.10580762250453724,-0.08229665071770337,0.023510971786833867
656,3.7501446541870456,4.844410814302406,0.11542649727767695,0.00988835725677828,-0.10553814002089867,-0.00988835725677828,False,False,0.11823956442831213,-0.03301435406698561,-0.15125391849529773
657,0.6976916621644716,0.8626980843428126,-0.04065335753176036,0.010287081339713011,0.05094043887147337,-0.010287081339713011,False,False,-0.0742286751361162,-0.027990430622009566,0.04623824451410663
658,0.9121943600090142,1.4275009166469679,-0.05499092558983665,-0.059170653907495985,-0.004179728317659337,0.059170653907495985,True,False,-0.08666061705989109,-0.07177033492822965,0.014890282131661436
659,0.8538419879852633,1.409653205289977,-0.030127041742286753,0.028389154704944186,0.05851619644723094,-0.028389154704944186,False,False,-0.06179673321234119,0.01578947368421052,0.07758620689655171
660,2.071470365853809,3.0812317560518667,0.01778584392014515,-0.06842105263157894,-0.08620689655172409,0.06842105263157894,False,True,-0.03493647912885661,-0.11722488038277507,-0.08228840125391845
661,1.148834544500319,0.37354399218032497,0.018693284936479038,0.0675438596491228,0.04885057471264376,-0.0675438596491228,False,False,-0.006261343012704146,0.02169059011164276,0.027951933124346906
662,2.2793784463121085,2.0045850151882907,-0.08756805807622509,-0.0031897926634768536,0.08437826541274823,0.0031897926634768536,False,False,-0.0742286751361162,-0.027990430622009566,0.04623824451410663
663,2.9894655305280944,2.8865603899368146,0.09528130671506357,0.10964912280701761,0.014367816091954033,-0.10964912280701761,False,False,0.07223230490018151,0.08947368421052632,0.017241379310344807
664,4.676144396530491,4.52537647451507,-0.14882032667876582,-0.0861244019138756,0.06269592476489022,0.0861244019138756,False,False,-0.12304900181488204,-0.06714513556618817,0.05590386624869387
665,0.5716945027090732,0.8748803969747297,-0.008076225045372087,-0.04569377990430623,-0.037617554858934144,0.04569377990430623,True,False,0.03493647912885661,-0.04186602870813394,-0.07680250783699055
666,2.485077218925521,2.7762558185111494,-0.0368421052631579,0.06164274322169061,0.09848484848484851,-0.06164274322169061,False,False,-0.021597096188747777,0.0625199362041467,0.08411703239289448
667,1.4630669527499918,1.1371877632614298,-0.06551724137931036,-0.07727272727272727,-0.011755485893416906,0.07727272727272727,True,True,-0.031125226860254096,-0.06586921850079747,-0.03474399164054337
668,0.6976916621644716,0.2533592090508284,-0.04065335753176036,0.010287081339713011,0.05094043887147337,-0.010287081339713011,False,False,0.004264972776769516,0.03979266347687399,0.035527690700104475
669,1.1561618971517031,1.9829890259582987,-0.019600725952813036,0.04649122807017547,0.06609195402298851,-0.04649122807017547,False,False,-0.07041742286751362,0.02336523125996809,0.09378265412748171
670,1.1782771796995168,1.9466838419678307,-0.07032667876588028,-0.018341307814992103,0.05198537095088818,0.018341307814992103,False,False,-0.06370235934664248,-0.00988835725677828,0.0538140020898642
671,0.14365498532403265,0.08486427886569473,0.006261343012704201,0.023763955342902654,0.017502612330198453,-0.023763955342902654,False,True,-0.0014519056261342866,-0.03724082934609252,-0.03578892371995823
672,2.1771618768252967,1.552152503032063,0.08475499092558986,0.09154704944178632,0.006792058516196464,-0.09154704944178632,False,False,0.06170598911070785,0.07137161084529509,0.009665621734587238
673,0.12256109132762255,0.62315456167634,0.023502722323048952,0.008612440191387516,-0.014890282131661436,-0.008612440191387516,False,False,0.05408348457350276,-0.03133971291866028,-0.08542319749216304
674,1.1561618971517031,1.2214213213770466,-0.019600725952813036,0.04649122807017547,0.06609195402298851,-0.04649122807017547,False,False,-0.05317604355716882,0.00821371610845295,0.06138975966562177
675,1.1361782081024725,1.2733532519477233,0.07041742286751351,0.02208931419457727,-0.04832810867293624,-0.02208931419457727,False,False,0.0856624319419238,0.02296650717703347,-0.06269592476489033
676,1.2588447527163302,1.7446847678916089,0.03883847549909247,-0.03221690590111648,-0.07105538140020895,0.03221690590111648,False,False,0.05408348457350276,-0.03133971291866028,-0.08542319749216304
677,4.636088202036259,5.14970052339254,-0.0052631578947368585,0.11594896331738436,0.12121212121212122,-0.11594896331738436,False,False,-0.028312159709618867,0.09577352472089312,0.12408568443051199
678,3.114163750195292,2.9080934391144786,0.031125226860254096,0.11132376395534294,0.08019853709508884,-0.11132376395534294,False,False,0.03584392014519061,0.09409888357256779,0.05825496342737718
679,0.37290120486711914,0.1041585746246781,0.021597096188747722,-0.01706539074960134,-0.03866248693834906,0.01706539074960134,False,False,-0.044555353901996386,0.0006379585326953818,0.04519331243469177
680,1.071786321166063,0.8261261750577328,0.04936479128856619,-0.014114832535885191,-0.06347962382445138,0.014114832535885191,False,False,0.049274047186932846,0.027591706539075,-0.021682340647857845
681,0.8197697981563262,0.510900977467476,0.027313974591651524,0.059968102073365226,0.0326541274817137,-0.059968102073365226,False,False,-0.023502722323049008,0.0368421052631579,0.060344827586206906
682,0.12610264510912467,0.36163329381288145,0.012976406533575235,-0.00948963317384377,-0.022466039707419005,0.00948963317384377,False,False,0.014791288566243233,0.05789473684210528,0.043103448275862044
683,0.40862760006735543,0.13864201486843683,0.01678765880217792,0.04186602870813405,0.025078369905956133,-0.04186602870813405,False,False,-0.016787658802177807,0.0035885167464115297,0.020376175548589337
684,0.9121943600090142,1.413361736180937,-0.05499092558983665,-0.059170653907495985,-0.004179728317659337,0.059170653907495985,True,False,-0.06751361161524505,-0.061244019138756045,0.006269592476489005
685,11.650651711602366,7.935593371557154,-0.18611615245009083,-0.21746411483253592,-0.03134796238244508,0.21746411483253592,True,True,-0.12876588021778584,-0.14417862838915468,-0.01541274817136884
686,0.14365498532403265,0.20091899508065167,0.006261343012704201,0.023763955342902654,0.017502612330198453,-0.023763955342902654,False,False,-0.04646098003629762,-0.025039872408293418,0.0214211076280042
687,3.46877431237388,1.8006753318108706,-0.0032667876588021727,-0.1046251993620414,-0.10135841170323923,0.1046251993620414,True,True,-0.011978221415607948,-0.05534290271132375,-0.0433646812957158
688,4.3526084708234505,3.1635756296472137,0.005353901996370314,-0.11220095693779897,-0.11755485893416928,0.11220095693779897,False,False,0.013883847549909234,-0.07807017543859646,-0.09195402298850569
689,0.9889539300570047,0.4353515157021905,0.05508166969146999,0.06291866028708137,0.007836990595611382,-0.06291866028708137,False,False,0.021506352087114322,0.024641148325358853,0.0031347962382445305
690,0.6448792128271446,0.5730821224829158,0.05127041742286753,0.011562998405103664,-0.03970741901776387,-0.011562998405103664,False,False,0.026315789473684237,-0.03429027113237637,-0.06060606060606061
691,1.766819026298293,2.116073699126242,-0.0913793103448276,-0.054545454545454564,0.03683385579937304,0.054545454545454564,False,False,-0.11252268602540832,-0.04904306220095689,0.06347962382445144
692,3.1346026232728645,0.9217456804946401,-0.08566243194192374,0.022488038277512,0.10815047021943575,-0.022488038277512,False,False,-0.04646098003629762,-0.025039872408293418,0.0214211076280042
693,1.7820843443220122,2.1911601702329366,0.08956442831215972,0.03261562998405099,-0.05694879832810873,-0.03261562998405099,False,False,0.13638838475499093,0.08779904306220099,-0.048589341692789945
694,3.285979067820781,4.657247567947835,-0.07794918330308531,-0.12105263157894741,-0.0431034482758621,0.12105263157894741,True,True,-0.09237749546279489,-0.1488038277511961,-0.056426332288401215
695,4.3526084708234505,3.0297547295720424,0.005353901996370314,-0.11220095693779897,-0.11755485893416928,0.11220095693779897,False,False,0.06270417422867514,-0.03891547049441785,-0.10161964472309298
696,3.92603442396869,5.128444323616822,0.06941923774954634,0.13237639553429031,0.06295715778474398,-0.13237639553429031,False,False,0.07794918330308531,0.16650717703349277,0.08855799373040746
697,0.3896430954705861,0.8784589282710398,0.042649727767695156,0.019138755980861233,-0.023510971786833923,-0.019138755980861233,False,False,0.07513611615245014,0.004864433811802238,-0.0702716823406479
698,0.27581378223627495,0.44366186704357424,0.0024500907441016295,-0.027591706539074945,-0.030041797283176574,0.027591706539074945,False,False,0.01578947368421052,-0.05239234449760766,-0.06818181818181818
699,0.4029433507377954,0.6255735460975028,-0.0425589836660617,-0.015390749601275955,0.027168234064785746,0.015390749601275955,False,False,0.014791288566243233,0.05789473684210528,0.043103448275862044
700,9.066338839656963,7.952406845618639,0.19963702359346647,0.15470494417862846,-0.04493207941483801,-0.15470494417862846,False,False,0.16796733212341197,0.14210526315789473,-0.025862068965517238
701,1.649759016667691,0.9197162167351094,0.057985480943738676,-0.02169059011164276,-0.07967607105538144,0.02169059011164276,False,False,0.07513611615245014,0.004864433811802238,-0.0702716823406479
702,0.9408376476462443,1.2063645998312442,0.0005444646098003991,-0.0532695374800638,-0.0538140020898642,0.0532695374800638,False,False,0.0052631578947368585,-0.07049441786283889,-0.07575757575757575
703,0.40862760006735543,1.0069072949726243,0.01678765880217792,0.04186602870813405,0.025078369905956133,-0.04186602870813405,False,False,0.09809437386569869,0.06674641148325361,-0.03134796238244508
704,2.1094837832452336,0.758952993100133,-0.09328493647912883,-0.08022328548644342,0.013061650992685414,0.08022328548644342,False,False,-0.027313974591651524,-0.014513556618819756,0.012800417972831768
705,3.57245635239097,2.855288296118653,-0.022413793103448265,-0.11515151515151512,-0.09273772204806685,0.11515151515151512,True,True,-0.04355716878402899,-0.1096491228070175,-0.06609195402298851
706,1.3876285265891493,1.8660558989195255,0.08094373865698723,0.040191387559808556,-0.040752351097178674,-0.040191387559808556,False,False,0.06842105263157894,0.03811802232854866,-0.030303030303030276
707,1.6086814336220527,2.8892896431426545,0.010072595281306662,0.07511961722488036,0.0650470219435737,-0.07511961722488036,False,False,0.0013611615245009423,0.12440191387559807,0.12304075235109713
708,1.3994633113260806,1.4934164351159287,-0.08085299455535389,-0.03644338118022328,0.04440961337513061,0.03644338118022328,False,False,-0.056987295825771334,-0.04314194577352476,0.013845350052246574
709,0.6003044841978882,0.5461139198773381,-0.05308529945553542,-0.03349282296650724,0.019592476489028177,0.03349282296650724,False,True,-0.0483666061705989,-0.05071770334928233,-0.0023510971786834256
710,0.5454603598072224,2.2377485607922663,-0.035843920145190555,-0.04864433811802238,-0.012800417972831823,0.04864433811802238,True,True,-0.015789473684210575,-0.10669856459330146,-0.09090909090909088
711,0.6003044841978882,1.5622825737924688,-0.05308529945553542,-0.03349282296650724,0.019592476489028177,0.03349282296650724,False,False,-0.12114337568058076,-0.04146730462519932,0.07967607105538144
712,3.830745533352272,2.8027294401984384,-0.04156079854809436,-0.12567783094098883,-0.08411703239289448,0.12567783094098883,True,True,-0.07994555353901994,-0.10502392344497608,-0.025078369905956133
713,6.303393991710378,5.030666748106002,0.1268602540834846,0.16395534290271135,0.03709508881922674,-0.16395534290271135,False,False,0.1105263157894737,0.1105263157894737,0.0
714,3.063771547642814,1.9148011111832453,-0.10671506352087107,-0.01371610845295046,0.09299895506792061,0.01371610845295046,False,False,-0.0426497277676951,0.026315789473684237,0.06896551724137934
715,1.3876285265891493,0.9999467302834613,0.08094373865698723,0.040191387559808556,-0.040752351097178674,-0.040191387559808556,False,False,0.017695099818511806,-0.026714513556618802,-0.04440961337513061
716,4.8511349003049204,3.3063752339417114,-0.07323049001814885,0.06626794258373203,0.13949843260188088,-0.06626794258373203,False,False,-0.030217785843920153,0.07009569377990427,0.10031347962382442
717,1.4440602440542791,2.2339364432231887,-0.009981851179673318,-0.07137161084529509,-0.06138975966562177,0.07137161084529509,True,True,-0.022504537205081665,-0.07344497607655504,-0.05094043887147337
718,0.27151728909069156,0.13807615740102677,0.025408348457350294,0.03429027113237637,0.008881922675026077,-0.03429027113237637,False,False,-0.044555353901996386,0.0006379585326953818,0.04519331243469177
719,0.1703998225015857,0.02331942814831694,-0.012885662431942002,0.013237639553428937,0.02612330198537094,-0.013237639553428937,False,False,0.01098003629764066,0.006539074960127622,-0.0044409613375130386
720,0.37290120486711914,0.8520179731945127,0.021597096188747722,-0.01706539074960134,-0.03866248693834906,0.01706539074960134,False,False,0.07513611615245014,0.004864433811802238,-0.0702716823406479
721,2.3815950157989194,2.555020746363628,-0.0674228675136116,-0.10295055821371613,-0.03552769070010453,0.10295055821371613,True,True,-0.07132486388384757,-0.11259968102073364,-0.04127481713688608
722,0.1703998225015857,0.8539400649342234,-0.012885662431942002,0.013237639553428937,0.02612330198537094,-0.013237639553428937,False,False,-0.091470054446461,-0.012838915470494427,0.07863113897596657
723,0.9910633194566454,0.8794171492208026,0.06370235934664248,0.055342902711323694,-0.008359456635318785,-0.055342902711323694,False,False,0.03584392014519061,0.09409888357256779,0.05825496342737718
724,4.563880472271706,3.49806424928083,0.08856624319419237,0.14290271132376398,0.0543364681295716,-0.14290271132376398,False,False,0.04637023593466427,0.11220095693779902,0.06583072100313475
725,2.2793784463121085,2.2550449006224516,-0.08756805807622509,-0.0031897926634768536,0.08437826541274823,0.0031897926634768536,False,False,-0.08094373865698729,0.0052631578947368585,0.08620689655172414
726,1.9144762842731606,3.804793663487225,-0.0482758620689655,-0.09242424242424241,-0.044148380355276906,0.09242424242424241,True,True,-0.055989110707804046,-0.1534290271132377,-0.09743991640543365
727,0.6976916621644716,0.29040553687799037,-0.04065335753176036,0.010287081339713011,0.05094043887147337,-0.010287081339713011,False,False,-0.016787658802177807,0.0035885167464115297,0.020376175548589337
728,2.715722296702051,4.017740756227624,-0.011887477313974548,-0.09704944178628383,-0.08516196447230928,0.09704944178628383,True,True,-0.04546279491833033,-0.1353269537480064,-0.08986415882967608
729,1.391736284893713,1.376765282313666,-0.03874773139745924,0.035964912280701755,0.074712643678161,-0.035964912280701755,False,False,-0.023502722323049008,0.0368421052631579,0.060344827586206906
730,4.647445598645904,6.887343221687278,0.14700544464609805,0.06419457735247208,-0.08281086729362597,-0.06419457735247208,False,False,0.19192377495462792,0.09370015948963317,-0.09822361546499475
731,0.5716945027090732,0.924339753437995,-0.008076225045372087,-0.04569377990430623,-0.037617554858934144,0.04569377990430623,True,False,0.007168784029038089,-0.04481658692185009,-0.05198537095088818
732,2.3290379135994472,1.9267419570897613,0.10199637023593461,0.07639553429027107,-0.025600835945663536,-0.07639553429027107,False,False,0.06170598911070785,0.07137161084529509,0.009665621734587238
733,4.190518548535254,3.3909119731399864,0.09718693284936475,0.1353269537480064,0.03814002089864166,-0.1353269537480064,False,False,0.08947368421052632,0.07432216905901118,-0.015151515151515138
734,2.080562944371212,2.2883895693426024,0.04836660617059896,0.0961722488038278,0.04780564263322884,-0.0961722488038278,False,False,0.08275862068965517,0.10757575757575755,0.024817136886102376
735,1.433535501155018,0.5160959144988854,-0.07413793103448274,-0.0696969696969697,0.0044409613375130386,0.0696969696969697,False,True,-0.01869328493647915,-0.02208931419457738,-0.003396029258098232
736,1.4407629353611564,0.4545364265366917,0.009165154264972775,-0.06084529505582137,-0.07001044932079414,0.06084529505582137,False,False,-0.037840290381125186,-0.03261562998405104,0.005224660397074143
737,2.1771618768252967,1.694978088236464,0.08475499092558986,0.09154704944178632,0.006792058516196464,-0.09154704944178632,False,False,0.023411978221415608,0.05031897926634771,0.0269070010449321
738,2.0051578243587795,1.4991100638612473,-0.0013611615245009423,-0.07894736842105265,-0.07758620689655171,0.07894736842105265,True,False,0.0052631578947368585,-0.07049441786283889,-0.07575757575757575
739,0.8197697981563262,0.19493002265814086,0.027313974591651524,0.059968102073365226,0.0326541274817137,-0.059968102073365226,False,False,0.01098003629764066,0.006539074960127622,-0.0044409613375130386
740,0.09862507266643278,0.2956807959144408,-0.006170598911070746,-0.020015948963317376,-0.01384535005224663,0.020015948963317376,True,True,-0.0014519056261342866,-0.03724082934609252,-0.03578892371995823
741,2.5484144111621094,2.3877818538465565,0.067513611615245,0.10669856459330146,0.039184952978056464,-0.10669856459330146,False,False,0.03393829401088927,0.06842105263157894,0.03448275862068967
742,1.604651389663791,1.0583763922416891,-0.00907441016333932,0.06459330143540676,0.07366771159874608,-0.06459330143540676,False,False,0.0425589836660617,0.06084529505582137,0.01828631138975967
743,5.142741331731077,4.288147358227152,-0.1029038112522686,0.03763955342902714,0.14054336468129575,-0.03763955342902714,False,False,-0.05989110707803991,0.041467304625199375,0.10135841170323928
744,4.6979377196436225,5.203570013716522,-0.13348457350272236,-0.1269537480063796,0.0065308254963427625,0.1269537480063796,False,False,-0.13738656987295828,-0.13660287081339711,0.0007836990595611604
745,0.27151728909069156,0.14845922915254708,0.025408348457350294,0.03429027113237637,0.008881922675026077,-0.03429027113237637,False,False,0.01098003629764066,0.006539074960127622,-0.0044409613375130386
746,0.6245957684421753,0.43757608059002956,0.040744101633393814,-0.006539074960127622,-0.04728317659352144,0.006539074960127622,False,True,-0.01869328493647915,-0.02208931419457738,-0.003396029258098232
747,0.1703998225015857,0.03168844704210371,-0.012885662431942002,0.013237639553428937,0.02612330198537094,-0.013237639553428937,False,False,0.021506352087114322,0.024641148325358853,0.0031347962382445305
748,2.1771618768252967,1.8194372035498048,0.08475499092558986,0.09154704944178632,0.006792058516196464,-0.09154704944178632,False,False,0.03393829401088927,0.06842105263157894,0.03448275862068967
749,0.4029433507377954,1.1003422089064476,-0.0425589836660617,-0.015390749601275955,0.027168234064785746,0.015390749601275955,False,False,-0.06751361161524505,-0.061244019138756045,0.006269592476489005
750,4.748285513998211,6.6318731862377955,0.04364791288566239,-0.09114832535885165,-0.13479623824451403,0.09114832535885165,False,False,0.05889292196007262,-0.09027113237639556,-0.14916405433646818
751,0.35037514648884877,0.09417243907701575,-0.002359346642468285,0.031339712918660334,0.03369905956112862,-0.031339712918660334,False,False,0.021506352087114322,0.024641148325358853,0.0031347962382445305
752,1.5918063184249238,1.5774555287756775,0.079038112522686,0.0145135566188197,-0.0645245559038663,-0.0145135566188197,False,False,0.055989110707803935,-0.005661881977671479,-0.061650992685475414
753,0.010086228128870969,0.28636569376456605,0.00435571687840286,-0.001913875598086201,-0.006269592476489061,0.001913875598086201,False,True,-0.031125226860254096,-0.06586921850079747,-0.03474399164054337
754,0.40862760006735543,0.06913887259484042,0.01678765880217792,0.04186602870813405,0.025078369905956133,-0.04186602870813405,False,True,-0.01869328493647915,-0.02208931419457738,-0.003396029258098232
755,0.5716945027090732,0.014495181585689907,-0.008076225045372087,-0.04569377990430623,-0.037617554858934144,0.04569377990430623,True,False,0.0023593466424682297,0.014114832535885191,0.011755485893416961
756,1.7599357556257829,1.5387607530001801,0.056987295825771334,0.08859649122807023,0.031609195402298895,-0.08859649122807023,False,False,0.0425589836660617,0.06084529505582137,0.01828631138975967
757,0.06771696693695724,0.12708808709996555,0.014882032667876577,0.016188197767145085,0.001306165099268508,-0.016188197767145085,False,False,-0.06370235934664248,-0.00988835725677828,0.0538140020898642
758,0.44672983385455417,1.3461794952145307,-0.021506352087114378,0.020813397129186617,0.042319749216300995,-0.020813397129186617,False,False,-0.10871143375680581,0.0023125996810207106,0.11102403343782652
759,2.9894655305280944,2.0289725345790814,0.09528130671506357,0.10964912280701761,0.014367816091954033,-0.10964912280701761,False,False,0.05308529945553542,0.07894736842105265,0.025862068965517238
760,0.27581378223627495,0.3558126767318279,0.0024500907441016295,-0.027591706539074945,-0.030041797283176574,0.027591706539074945,False,False,0.01960072595281309,-0.0010366826156300024,-0.020637408568443094
761,1.1561618971517031,1.2973443268101381,-0.019600725952813036,0.04649122807017547,0.06609195402298851,-0.04649122807017547,False,False,0.025317604355716894,0.07599681020733651,0.05067920585161961
762,0.6003044841978882,0.8202802020611515,-0.05308529945553542,-0.03349282296650724,0.019592476489028177,0.03349282296650724,False,False,-0.06560798548094376,-0.035566188197767135,0.03004179728317663
763,0.9889539300570047,1.8230321813532686,0.05508166969146999,0.06291866028708137,0.007836990595611382,-0.06291866028708137,False,False,0.08275862068965517,0.10757575757575755,0.024817136886102376
764,1.0308974729614435,0.33669102441353355,0.05989110707803991,0.003987240829346095,-0.05590386624869381,-0.003987240829346095,False,False,0.03203266787658804,0.04274322169059014,0.0107105538140021
765,2.1185319535647484,2.712310280995015,0.10009074410163343,0.05071770334928227,-0.04937304075235116,-0.05071770334928227,False,False,0.11343012704174227,0.025917065390749616,-0.08751306165099265
766,3.216913218056747,1.696345794632845,-0.050181488203266844,-0.11810207336523126,-0.06792058516196442,0.11810207336523126,True,True,-0.01388384754990929,-0.0810207336523126,-0.06713688610240331
767,0.06771696693695724,0.00996948411882545,0.014882032667876577,0.016188197767145085,0.001306165099268508,-0.016188197767145085,False,False,-0.008166969147005432,-0.003987240829346039,0.0041797283176593925
768,2.3815950157989194,3.3547296320815203,-0.0674228675136116,-0.10295055821371613,-0.03552769070010453,0.10295055821371613,True,True,-0.04355716878402899,-0.1096491228070175,-0.06609195402298851
769,0.09862507266643278,0.06189655794118672,-0.006170598911070746,-0.020015948963317376,-0.01384535005224663,0.020015948963317376,True,False,0.00045372050816699927,-0.011562998405103664,-0.012016718913270663
770,2.326706483210369,3.6900828664613456,-0.07704174228675137,0.014912280701754432,0.0919540229885058,-0.014912280701754432,False,False,-0.07903811252268605,0.030940988835725658,0.10997910135841171
771,4.827221085742673,4.43209183549745,-0.12395644283121593,0.0014354066985646785,0.1253918495297806,-0.0014354066985646785,False,False,-0.08765880217785843,0.03851674641148323,0.12617554858934166
772,2.297397072604833,1.8573134166562042,0.07613430127041737,0.09912280701754389,0.02298850574712652,-0.09912280701754389,False,False,0.07894736842105265,0.05622009569377995,-0.022727272727272707
773,2.520204103454278,2.4238852638793436,-0.06651542649727765,0.03301435406698572,0.09952978056426337,-0.03301435406698572,False,False,-0.021597096188747777,0.0625199362041467,0.08411703239289448
774,8.113416627344412,8.688319821921048,0.16043557168784028,-0.0023125996810207106,-0.162748171368861,0.0023125996810207106,False,False,0.15843920145190565,0.01371610845295057,-0.14472309299895508
775,9.911182600361588,8.878862804310916,0.2006352087114338,0.04441786283891547,-0.15621734587251834,-0.04441786283891547,False,False,0.15653357531760437,-0.011961722488038229,-0.1684952978056426
776,5.6454310297644685,6.073317083510254,0.0052631578947368585,0.13405103668261564,0.12878787878787878,-0.13405103668261564,False,False,0.03965517241379307,0.1454545454545454,0.10579937304075232
777,0.06771696693695724,0.39278002341072044,0.014882032667876577,0.016188197767145085,0.001306165099268508,-0.016188197767145085,False,False,0.07032667876588022,0.06379585326953752,-0.006530825496342707
778,1.2412591063530067,1.8916730771587689,-0.037749546279491786,-0.07432216905901112,-0.03657262277951934,0.07432216905901112,True,True,-0.024410163339383006,-0.09912280701754389,-0.07471264367816088
779,0.024851953926357973,0.017496006861279532,-0.004264972776769516,0.005661881977671368,0.009926854754440884,-0.005661881977671368,False,True,-0.010072595281306718,-0.02966507177033495,-0.019592476489028232
780,0.9408376476462443,0.6364876515719428,0.0005444646098003991,-0.0532695374800638,-0.0538140020898642,0.0532695374800638,False,False,0.045462794918330274,-0.02376395534290271,-0.06922675026123298
781,1.0225376297091813,0.9177554980932678,0.01969147005444649,-0.04274322169059008,-0.062434691745036575,0.04274322169059008,False,False,0.01578947368421052,-0.05239234449760766,-0.06818181818181818
782,4.0537968092901,5.558618960634701,-0.13829401088929222,-0.06802232854864443,0.07027168234064779,0.06802232854864443,False,False,-0.19101633393829404,-0.11682615629984056,0.07419017763845348
783,4.386680660652388,3.103981519824657,-0.01379310344827589,-0.12272727272727268,-0.1089341692789968,0.12272727272727268,True,True,-0.07803992740471866,-0.07934609250398722,-0.0013061650992685636
784,3.7433835060587226,5.1869631376280205,0.10490018148820324,-0.008213716108453006,-0.11311389759665624,0.008213716108453006,False,False,0.1536297640653358,0.0726475279106858,-0.08098223615465
785,0.5716945027090732,1.5544676805948188,-0.008076225045372087,-0.04569377990430623,-0.037617554858934144,0.04569377990430623,True,False,0.06270417422867514,-0.03891547049441785,-0.10161964472309298
786,2.2793784463121085,1.3528627536894173,-0.08756805807622509,-0.0031897926634768536,0.08437826541274823,0.0031897926634768536,False,False,-0.05508166969147005,-0.01746411483253585,0.0376175548589342
787,1.01133566179214,0.3634741505208496,-0.04637023593466416,-0.06674641148325355,-0.020376175548589393,0.06674641148325355,True,True,-0.01869328493647915,-0.02208931419457738,-0.003396029258098232
788,3.577618805395356,4.7583851530456185,-0.1277676950998185,-0.04992025518341314,0.07784743991640536,0.04992025518341314,False,False,-0.13357531760435576,-0.08524720893141952,0.04832810867293624
789,0.9438352010036292,1.0783588142950828,-0.06361161524500902,-0.051594896331738416,0.012016718913270608,0.051594896331738416,False,False,-0.06751361161524505,-0.061244019138756045,0.006269592476489005
790,6.895244249051745,4.824133486544724,0.1412885662431942,-0.012838915470494427,-0.15412748171368862,0.012838915470494427,False,False,0.11152450090744104,0.00023923444976076125,-0.11128526645768028
791,5.746681720947232,1.8948741722114593,0.14319419237749553,0.012838915470494427,-0.1303552769070011,-0.012838915470494427,False,False,0.05789473684210528,0.020015948963317376,-0.0378787878787879
792,1.4630669527499918,1.6880703191195787,-0.06551724137931036,-0.07727272727272727,-0.011755485893416906,0.07727272727272727,True,False,-0.06751361161524505,-0.061244019138756045,0.006269592476489005
793,1.1239548516340268,2.0247454795700155,0.07232304900181485,0.047767145135566125,-0.02455590386624873,-0.047767145135566125,False,False,0.07704174228675131,0.030542264752791037,-0.046499477533960276
794,0.8197697981563262,0.5142861906425447,0.027313974591651524,0.059968102073365226,0.0326541274817137,-0.059968102073365226,False,False,-0.006261343012704146,0.02169059011164276,0.027951933124346906
795,1.071786321166063,0.19183695172625187,0.04936479128856619,-0.014114832535885191,-0.06347962382445138,0.014114832535885191,False,False,-0.0742286751361162,-0.027990430622009566,0.04623824451410663
796,1.785248428421474,1.8858293539544846,0.09147005444646095,0.05829346092503984,-0.033176593521421105,-0.05829346092503984,False,False,0.06460980036297642,-0.013237639553429048,-0.07784743991640547
797,2.0604127245799035,1.9861742532123108,-0.047368421052631615,0.043540669856459324,0.09090909090909094,-0.043540669856459324,False,False,-0.03402903811252267,0.018740031897926668,0.05276907001044934
798,0.5539867338015625,0.22158573046868094,0.044555353901996275,0.04481658692184998,0.0002612330198537016,-0.04481658692184998,False,False,0.04736842105263156,0.00191387559808609,-0.04545454545454547
799,2.326706483210369,2.264826231177375,-0.07704174228675137,0.014912280701754432,0.0919540229885058,-0.014912280701754432,False,False,-0.07041742286751362,0.02336523125996809,0.09378265412748171
800,3.882791941276047,5.927534926927361,0.09437386569872963,-0.02631578947368418,-0.12068965517241381,0.02631578947368418,False,False,0.1163339382940109,-0.05869218500797452,-0.17502612330198541
801,4.575359991425537,4.664298272133495,-0.03294010889292198,-0.1332535885167464,-0.10031347962382442,0.1332535885167464,True,True,-0.028221415607985523,-0.15047846889952154,-0.12225705329153602
802,0.9121943600090142,0.6879952766065508,-0.05499092558983665,-0.059170653907495985,-0.004179728317659337,0.059170653907495985,True,True,-0.02921960072595281,-0.04019138755980861,-0.010971786833855801
803,6.750751075176341,9.122360265842584,-0.0033575317604355726,0.1416267942583732,0.14498432601880878,-0.1416267942583732,False,False,0.005172413793103403,0.17575757575757578,0.17058516196447238
804,2.1094837832452336,3.560978577552825,-0.09328493647912883,-0.08022328548644342,0.013061650992685414,0.08022328548644342,False,False,-0.13357531760435576,-0.08524720893141952,0.04832810867293624
805,0.7142115117785006,3.3494865748313614,-0.02722323049001818,-0.05622009569377995,-0.028996865203761768,0.05622009569377995,True,True,-0.07513611615245003,-0.1639553429027113,-0.08881922675026127
806,3.7501446541870456,3.2096978142197985,0.11542649727767695,0.00988835725677828,-0.10553814002089867,-0.00988835725677828,False,False,0.06651542649727765,0.012440191387559807,-0.054075235109717845
807,3.1980508360041693,2.3266038759283716,0.07522686025408343,-0.0368421052631579,-0.11206896551724133,0.0368421052631579,False,False,0.013883847549909234,-0.07807017543859646,-0.09195402298850569
808,0.2651891208917685,0.2491969447832596,0.03402903811252267,0.026714513556618802,-0.007314524555903867,-0.026714513556618802,False,False,0.012885662431941891,0.03221690590111642,0.01933124346917453
809,7.410823426521891,8.037469825041745,0.18720508166969146,0.11092503987240826,-0.0762800417972832,-0.11092503987240826,False,False,0.18330308529945555,0.1012759170653908,-0.08202716823406475
810,1.7673186185245264,1.4202280601245223,0.029219600725952755,0.08564593301435408,0.056426332288401326,-0.08564593301435408,False,False,0.014791288566243233,0.05789473684210528,0.043103448275862044
811,1.5347861923377852,1.0814010536304646,-0.08275862068965512,-0.06212121212121213,0.020637408568442983,0.06212121212121213,False,False,-0.05508166969147005,-0.01746411483253585,0.0376175548589342
812,2.080562944371212,2.2632427353333084,0.04836660617059896,0.0961722488038278,0.04780564263322884,-0.0961722488038278,False,False,0.03584392014519061,0.09409888357256779,0.05825496342737718
813,0.37290120486711914,0.12020867177429304,0.021597096188747722,-0.01706539074960134,-0.03866248693834906,0.01706539074960134,False,False,0.0023593466424682297,0.014114832535885191,0.011755485893416961
814,0.22575464116795285,0.6807856121970144,-0.02531760435571684,-0.030542264752791093,-0.0052246603970742544,0.030542264752791093,True,True,-0.03974591651542653,-0.0582934609250399,-0.01854754440961337
815,1.2412591063530067,1.0923097921834912,-0.037749546279491786,-0.07432216905901112,-0.03657262277951934,0.07432216905901112,True,True,-0.011978221415607948,-0.05534290271132375,-0.0433646812957158
816,0.507491350613685,0.8444308432178421,-0.04446460980036304,-0.04106858054226481,0.003396029258098232,0.04106858054226481,False,True,-0.050272232304900244,-0.07639553429027118,-0.02612330198537094
817,1.5827470460559403,0.856159057040862,0.08284936479128857,0.06586921850079741,-0.01698014629049116,-0.06586921850079741,False,False,0.06651542649727765,0.012440191387559807,-0.054075235109717845
818,1.377081579590945,1.325717074933198,0.03784029038112524,0.07807017543859651,0.04022988505747127,-0.07807017543859651,False,False,0.023411978221415608,0.05031897926634771,0.0269070010449321
819,0.6976916621644716,1.2796709285286416,-0.04065335753176036,0.010287081339713011,0.05094043887147337,-0.010287081339713011,False,False,-0.05317604355716882,0.00821371610845295,0.06138975966562177
820,1.7819178135799354,1.0610510956807866,-0.05789473684210522,0.02543859649122815,0.08333333333333337,-0.02543859649122815,False,False,0.004264972776769516,0.03979266347687399,0.035527690700104475
821,0.2651891208917685,0.007753164860590975,0.03402903811252267,0.026714513556618802,-0.007314524555903867,-0.026714513556618802,False,True,-0.01869328493647915,-0.02208931419457738,-0.003396029258098232
822,3.9036082840356627,4.787420898973484,-0.10480943738656989,0.011961722488038284,0.11677115987460818,-0.011961722488038284,False,False,-0.13838475499092556,-0.02631578947368418,0.11206896551724138
823,1.4407629353611564,1.2103387047385696,0.009165154264972775,-0.06084529505582137,-0.07001044932079414,0.06084529505582137,False,True,-0.0033575317604355726,-0.06291866028708132,-0.059561128526645746
824,0.35175180062335076,1.297172468618558,-0.032032667876587984,0.002711323763955331,0.034743991640543315,-0.002711323763955331,False,False,-0.023502722323049008,0.0368421052631579,0.060344827586206906
825,0.5716945027090732,0.9547538293027139,-0.008076225045372087,-0.04569377990430623,-0.037617554858934144,0.04569377990430623,True,False,0.06460980036297642,-0.013237639553429048,-0.07784743991640547
826,0.6877109196893278,0.8533932166034591,-0.051179673321234076,-0.007814992025518386,0.04336468129571569,0.007814992025518386,False,False,-0.10199637023593472,-0.030940988835725713,0.071055381400209
827,1.0308974729614435,0.6616575084230584,0.05989110707803991,0.003987240829346095,-0.05590386624869381,-0.003987240829346095,False,False,0.017695099818511806,-0.026714513556618802,-0.04440961337513061
828,1.0137448065275196,0.41449169388050844,-0.018602540834845804,-0.06379585326953752,-0.04519331243469171,0.06379585326953752,True,False,-0.027313974591651524,-0.014513556618819756,0.012800417972831768
829,1.1361782081024725,0.19688133058254087,0.07041742286751351,0.02208931419457727,-0.04832810867293624,-0.02208931419457727,False,False,0.0023593466424682297,0.014114832535885191,0.011755485893416961
830,0.12256109132762255,0.3361508518101738,0.023502722323048952,0.008612440191387516,-0.014890282131661436,-0.008612440191387516,False,False,-0.08666061705989109,-0.07177033492822965,0.014890282131661436
831,2.1952804215632638,1.1282222393314516,0.07713248638838477,-0.011164274322169043,-0.08829676071055381,0.011164274322169043,False,False,0.026315789473684237,-0.03429027113237637,-0.06060606060606061
832,0.35037514648884877,0.38236536617263367,-0.002359346642468285,0.031339712918660334,0.03369905956112862,-0.031339712918660334,False,False,0.05980036297640651,0.04569377990430623,-0.014106583072100276
833,4.647445598645904,2.612270454340384,0.14700544464609805,0.06419457735247208,-0.08281086729362597,-0.06419457735247208,False,False,0.04736842105263156,0.00191387559808609,-0.04545454545454547
834,1.1361782081024725,1.1494341442087688,0.07041742286751351,0.02208931419457727,-0.04832810867293624,-0.02208931419457727,False,False,0.06651542649727765,0.012440191387559807,-0.054075235109717845
835,1.5920727676122455,1.537566165012902,0.028312159709618867,-0.05031897926634765,-0.07863113897596652,0.05031897926634765,False,True,-0.0014519056261342866,-0.03724082934609252,-0.03578892371995823
836,2.1094837832452336,3.11533623021439,-0.09328493647912883,-0.08022328548644342,0.013061650992685414,0.08022328548644342,False,True,-0.06079854809437385,-0.09449760765550236,-0.03369905956112851
837,0.7142115117785006,0.7649223274701036,-0.02722323049001818,-0.05622009569377995,-0.028996865203761768,0.05622009569377995,True,True,-0.02059891107078038,-0.04776714513556618,-0.0271682340647858
838,1.6086814336220527,0.7267628898831253,0.010072595281306662,0.07511961722488036,0.0650470219435737,-0.07511961722488036,False,False,0.012885662431941891,0.03221690590111642,0.01933124346917453
839,1.6634367416169422,0.39153266039520007,-0.07894736842105265,-0.010765550239234423,0.06818181818181823,0.010765550239234423,False,False,-0.02540834845735024,0.011164274322169099,0.03657262277951934
840,0.12256109132762255,0.15462974359933115,0.023502722323048952,0.008612440191387516,-0.014890282131661436,-0.008612440191387516,False,False,0.06651542649727765,0.012440191387559807,-0.054075235109717845
841,0.6245957684421753,1.4253708138778631,0.040744101633393814,-0.006539074960127622,-0.04728317659352144,0.006539074960127622,False,False,0.02250453720508172,-0.08564593301435403,-0.10815047021943575
842,4.285441071519096,3.7003401644907092,0.14029038112522685,0.09744816586921845,-0.0428422152560084,-0.09744816586921845,False,False,0.09809437386569869,0.06674641148325361,-0.03134796238244508
843,0.6878774504314057,0.37890486470374973,-0.01098003629764066,0.0389154704944179,0.049895506792058564,-0.0389154704944179,False,False,-0.006261343012704146,0.02169059011164276,0.027951933124346906
844,0.024851953926357973,0.2285818205296113,-0.004264972776769516,0.005661881977671368,0.009926854754440884,-0.005661881977671368,False,False,-0.014882032667876577,0.02926634768740033,0.044148380355276906
845,2.6970375474410204,2.2145688829006738,0.007259528130671433,-0.08652312599681022,-0.09378265412748166,0.08652312599681022,False,True,-0.05217785843920142,-0.10207336523125993,-0.04989550679205851
846,2.1771618768252967,2.290921556358539,0.08475499092558986,0.09154704944178632,0.006792058516196464,-0.09154704944178632,False,False,0.03774954627949184,0.11977671451355659,0.08202716823406475
847,4.92272091529905,4.647860269743287,0.102994555353902,-0.03389154704944175,-0.13688610240334376,0.03389154704944175,False,False,0.1287658802177858,-0.014912280701754377,-0.14367816091954017
848,2.2923900482930506,3.53369771810776,0.036932849364791354,-0.05789473684210522,-0.09482758620689657,0.05789473684210522,False,False,0.04165154264972776,-0.07511961722488036,-0.11677115987460812
849,1.8979897408075466,1.5033552353529729,0.04745916515426496,-0.039792663476874046,-0.087251828631139,0.039792663476874046,False,False,0.03303085299455538,-0.0675438596491228,-0.10057471264367818
850,0.5539867338015625,0.15970902879984172,0.044555353901996275,0.04481658692184998,0.0002612330198537016,-0.04481658692184998,False,False,0.0023593466424682297,0.014114832535885191,0.011755485893416961
851,0.22575464116795285,1.0118469927287532,-0.02531760435571684,-0.030542264752791093,-0.0052246603970742544,0.030542264752791093,True,True,-0.08856624319419237,-0.0974481658692185,-0.008881922675026133
852,2.1771618768252967,1.6006219121537708,0.08475499092558986,0.09154704944178632,0.006792058516196464,-0.09154704944178632,False,False,0.08756805807622503,0.04864433811802238,-0.03892371995820265
853,1.391736284893713,0.6444370688393659,-0.03874773139745924,0.035964912280701755,0.074712643678161,-0.035964912280701755,False,False,-0.044555353901996386,0.0006379585326953818,0.04519331243469177
854,2.2803443246161526,4.126144992997132,-0.10190562613430132,-0.07264752791068585,0.02925809822361547,0.07264752791068585,False,True,-0.13929219600725956,-0.16228070175438597,-0.02298850574712641
855,0.507491350613685,0.34862899007829085,-0.04446460980036304,-0.04106858054226481,0.003396029258098232,0.04106858054226481,False,False,-0.027313974591651524,-0.014513556618819756,0.012800417972831768
856,1.4407629353611564,0.7934062584426187,0.009165154264972775,-0.06084529505582137,-0.07001044932079414,0.06084529505582137,False,True,-0.010072595281306718,-0.02966507177033495,-0.019592476489028232
857,4.696772004449088,6.38323804864873,0.14891107078039922,0.08987240829346088,-0.05903866248693834,-0.08987240829346088,False,False,0.18520871143375683,0.1269537480063796,-0.05825496342737724
858,4.854032535217055,5.669117447813228,-0.1162431941923775,-0.14210526315789473,-0.025862068965517238,0.14210526315789473,True,True,-0.12014519056261341,-0.15175438596491225,-0.03160919540229884
859,0.6877109196893278,1.3386589702701437,-0.051179673321234076,-0.007814992025518386,0.04336468129571569,0.007814992025518386,False,False,-0.08284936479128857,-0.020414673046251997,0.062434691745036575
860,0.7142115117785006,0.8578467804123229,-0.02722323049001818,-0.05622009569377995,-0.028996865203761768,0.05622009569377995,True,False,-0.037840290381125186,-0.03261562998405104,0.005224660397074143
861,0.9438352010036292,0.7510242992716651,-0.06361161524500902,-0.051594896331738416,0.012016718913270608,0.051594896331738416,False,True,-0.0052631578947368585,-0.08859649122807017,-0.08333333333333331
862,0.6976916621644716,0.5342746803068015,-0.04065335753176036,0.010287081339713011,0.05094043887147337,-0.010287081339713011,False,False,-0.014882032667876577,0.02926634768740033,0.044148380355276906
863,4.337121111810301,5.433799252812091,-0.054083484573502705,0.07679425837320575,0.13087774294670845,-0.07679425837320575,False,False,-0.07332123411978225,0.10797448165869211,0.18129571577847436
864,0.7142115117785006,1.0809360708668418,-0.02722323049001818,-0.05622009569377995,-0.028996865203761768,0.05622009569377995,True,True,-0.031125226860254096,-0.06586921850079747,-0.03474399164054337
865,0.14365498532403265,0.06649498823179409,0.006261343012704201,0.023763955342902654,0.017502612330198453,-0.023763955342902654,False,False,0.01098003629764066,0.006539074960127622,-0.0044409613375130386
866,0.27581378223627495,0.45165961499189894,0.0024500907441016295,-0.027591706539074945,-0.030041797283176574,0.027591706539074945,False,False,0.04736842105263156,0.00191387559808609,-0.04545454545454547
867,1.604651389663791,1.6901513054469293,-0.00907441016333932,0.06459330143540676,0.07366771159874608,-0.06459330143540676,False,False,-0.0426497277676951,0.026315789473684237,0.06896551724137934
868,6.668318357848268,6.415562444588068,0.11823956442831213,0.17153110047846892,0.053291536050156796,-0.17153110047846892,False,False,0.08656987295825769,0.1589314194577352,0.07236154649947751
869,1.0751946503539052,0.390675131560462,-0.00045372050816694376,0.05701754385964919,0.05747126436781613,-0.05701754385964919,False,False,0.023411978221415608,0.05031897926634771,0.0269070010449321
870,0.40862760006735543,0.18434764402293977,0.01678765880217792,0.04186602870813405,0.025078369905956133,-0.04186602870813405,False,False,0.030127041742286753,0.017065390749601284,-0.01306165099268547
871,0.7142115117785006,0.6169737552808758,-0.02722323049001818,-0.05622009569377995,-0.028996865203761768,0.05622009569377995,True,True,-0.0483666061705989,-0.05071770334928233,-0.0023510971786834256
872,3.1346026232728645,3.769743480537084,-0.08566243194192374,0.022488038277512,0.10815047021943575,-0.022488038277512,False,False,-0.06660617059891105,0.07472089314194574,0.1413270637408568
873,0.4029433507377954,0.0617324473102617,-0.0425589836660617,-0.015390749601275955,0.027168234064785746,0.015390749601275955,False,False,0.0023593466424682297,0.014114832535885191,0.011755485893416961
874,0.5716945027090732,1.341230507529345,-0.008076225045372087,-0.04569377990430623,-0.037617554858934144,0.04569377990430623,True,True,-0.0033575317604355726,-0.06291866028708132,-0.059561128526645746
875,0.6245957684421753,1.122718642287065,0.040744101633393814,-0.006539074960127622,-0.04728317659352144,0.006539074960127622,False,False,0.01578947368421052,-0.05239234449760766,-0.06818181818181818
876,3.8361411293955685,2.894315154874733,0.11442831215970961,0.12017543859649127,0.005747126436781658,-0.12017543859649127,False,False,0.07032667876588022,0.06379585326953752,-0.006530825496342707
877,5.976494145013383,5.321707235016062,0.16805807622504537,0.10039872408293454,-0.06765935214211083,-0.10039872408293454,False,False,0.13638838475499093,0.08779904306220099,-0.048589341692789945
878,7.890221024763455,6.65735864197109,0.18911070780399275,0.13660287081339717,-0.05250783699059558,-0.13660287081339717,False,False,0.1574410163339383,0.1240031897926635,-0.03343782654127481
879,0.2651891208917685,0.3221271636022633,0.03402903811252267,0.026714513556618802,-0.007314524555903867,-0.026714513556618802,False,False,0.014791288566243233,0.05789473684210528,0.043103448275862044
880,4.997415504145286,3.8184471154172033,0.1450998185117967,0.03851674641148323,-0.10658307210031348,-0.03851674641148323,False,False,0.09047186932849366,-0.035964912280701755,-0.12643678160919541
881,0.40862760006735543,2.021389403730935,0.01678765880217792,0.04186602870813405,0.025078369905956133,-0.04186602870813405,False,False,0.04637023593466427,0.11220095693779902,0.06583072100313475
882,3.123489471751596,2.0602455222446507,0.04555353901996373,-0.06547049441786279,-0.11102403343782652,0.06547049441786279,False,True,-0.011978221415607948,-0.05534290271132375,-0.0433646812957158
883,0.06771696693695724,0.16713332634898248,0.014882032667876577,0.016188197767145085,0.001306165099268508,-0.016188197767145085,False,False,0.06842105263157894,0.03811802232854866,-0.030303030303030276
884,1.0225376297091813,0.7793359071424695,0.01969147005444649,-0.04274322169059008,-0.062434691745036575,0.04274322169059008,False,False,0.05789473684210528,0.020015948963317376,-0.0378787878787879
885,2.859871307043835,2.1862567365561896,-0.055989110707804046,0.05111642743221689,0.10710553814002094,-0.05111642743221689,False,False,-0.0426497277676951,0.026315789473684237,0.06896551724137934
886,0.06771696693695724,0.09793869781287741,0.014882032667876577,0.016188197767145085,0.001306165099268508,-0.016188197767145085,False,True,-0.011978221415607948,-0.05534290271132375,-0.0433646812957158
887,1.1062581847759847,0.5314136062257628,-0.0722323049001814,-0.04401913875598085,0.028213166144200552,0.04401913875598085,False,True,-0.031125226860254096,-0.06586921850079747,-0.03474399164054337
888,0.010086228128870969,0.19755340512615446,0.00435571687840286,-0.001913875598086201,-0.006269592476489061,0.001913875598086201,False,False,-0.006261343012704146,0.02169059011164276,0.027951933124346906
889,2.2923900482930506,2.8081401514194813,0.036932849364791354,-0.05789473684210522,-0.09482758620689657,0.05789473684210522,False,False,0.05408348457350276,-0.03133971291866028,-0.08542319749216304
890,3.8551256339923374,2.903340462175359,0.12304900181488199,0.1125996810207337,-0.010449320794148287,-0.1125996810207337,False,False,0.044464609800362986,0.08652312599681022,0.04205851619644724
891,0.621487194590074,0.6501337782305897,0.0359346642468239,0.05239234449760766,0.016457680250783757,-0.05239234449760766,False,False,0.06170598911070785,0.07137161084529509,0.009665621734587238
892,1.1561618971517031,1.6125635904488482,-0.019600725952813036,0.04649122807017547,0.06609195402298851,-0.04649122807017547,False,False,-0.021597096188747777,0.0625199362041467,0.08411703239289448
893,0.8113322405577617,1.0405873559386072,0.06179673321234114,0.02966507177033484,-0.0321316614420063,-0.02966507177033484,False,False,0.049274047186932846,0.027591706539075,-0.021682340647857845
894,1.071786321166063,0.8157427795569044,0.04936479128856619,-0.014114832535885191,-0.06347962382445138,0.014114832535885191,False,False,0.028221415607985467,-0.008612440191387571,-0.03683385579937304
895,1.6495924859256146,2.2069467401978367,-0.06842105263157894,0.007336523125996863,0.0757575757575758,-0.007336523125996863,False,False,-0.08284936479128857,-0.020414673046251997,0.062434691745036575
896,0.05221850587433138,0.06807657218288529,-0.014791288566243121,-0.012440191387559807,0.0023510971786833146,0.012440191387559807,False,False,0.021506352087114322,0.024641148325358853,0.0031347962382445305
897,0.33333350054964267,0.12045928513751201,-0.016696914700544463,-0.03811802232854866,-0.0214211076280042,0.03811802232854866,True,False,-0.008166969147005432,-0.003987240829346039,0.0041797283176593925
898,2.1601091288366168,2.500119595779794,-0.07604355716878408,-0.09537480063795856,-0.019331243469174475,0.09537480063795856,True,True,-0.06079854809437385,-0.09449760765550236,-0.03369905956112851
899,2.6970375474410204,2.3046820053289547,0.007259528130671433,-0.08652312599681022,-0.09378265412748166,0.08652312599681022,False,False,0.0732304900181488,-0.020813397129186617,-0.09404388714733541
900,0.12610264510912467,0.0015711637981807994,0.012976406533575235,-0.00948963317384377,-0.022466039707419005,0.00948963317384377,False,False,0.021506352087114322,0.024641148325358853,0.0031347962382445305
901,0.3896430954705861,0.0737002122149546,0.042649727767695156,0.019138755980861233,-0.023510971786833923,-0.019138755980861233,False,False,-0.006261343012704146,0.02169059011164276,0.027951933124346906
902,0.8197697981563262,0.1556968795344425,0.027313974591651524,0.059968102073365226,0.0326541274817137,-0.059968102073365226,False,False,0.01098003629764066,0.006539074960127622,-0.0044409613375130386
903,3.779653901683074,2.833561124305685,-0.10571687840290378,-0.12400318979266345,-0.01828631138975967,0.12400318979266345,True,True,-0.06941923774954623,-0.08692185007974479,-0.017502612330198564
904,0.7504819074028543,0.9320451598467548,0.030217785843920097,-0.024641148325358908,-0.054858934169279006,0.024641148325358908,False,False,0.07513611615245014,0.004864433811802238,-0.0702716823406479
905,1.5920727676122455,1.6201108976630205,0.028312159709618867,-0.05031897926634765,-0.07863113897596652,0.05031897926634765,False,False,0.0052631578947368585,-0.07049441786283889,-0.07575757575757575
906,1.5827470460559403,0.7347753802653436,0.08284936479128857,0.06586921850079741,-0.01698014629049116,-0.06586921850079741,False,False,0.01098003629764066,0.006539074960127622,-0.0044409613375130386
907,0.27151728909069156,0.8042281935297505,0.025408348457350294,0.03429027113237637,0.008881922675026077,-0.03429027113237637,False,False,0.0061705989110708015,0.06547049441786285,0.059299895506792044
908,8.443103088458823,9.918307780857203,0.13938294010889285,-0.03851674641148328,-0.17789968652037613,0.03851674641148328,False,False,0.14410163339382936,-0.05574162679425837,-0.19984326018808773
909,0.27151728909069156,0.5476196865226454,0.025408348457350294,0.03429027113237637,0.008881922675026077,-0.03429027113237637,False,False,0.05789473684210528,0.020015948963317376,-0.0378787878787879
910,1.6019646936916139,2.7271761659845675,-0.02912885662431941,-0.08189792663476869,-0.05276907001044928,0.08189792663476869,True,True,-0.06270417422867514,-0.12017543859649121,-0.05747126436781608
911,4.755890417886395,3.963897874450635,-0.024410163339383006,0.10542264752791064,0.12983281086729365,-0.10542264752791064,False,False,-0.019691470054446436,0.08819776714513555,0.10788923719958199
912,2.080562944371212,2.8867089675142026,0.04836660617059896,0.0961722488038278,0.04780564263322884,-0.0961722488038278,False,False,-0.017785843920145206,0.11387559808612435,0.13166144200626956
913,0.9438352010036292,1.4082490853853793,-0.06361161524500902,-0.051594896331738416,0.012016718913270608,0.051594896331738416,False,False,-0.1039019963702359,-0.05661881977671446,0.04728317659352144
914,1.433535501155018,2.03762386791016,-0.07413793103448274,-0.0696969696969697,0.0044409613375130386,0.0696969696969697,False,True,-0.08856624319419237,-0.0974481658692185,-0.008881922675026133
915,0.12610264510912467,0.33570456952256117,0.012976406533575235,-0.00948963317384377,-0.022466039707419005,0.00948963317384377,False,False,-0.056987295825771334,-0.04314194577352476,0.013845350052246574
916,2.069405384652055,2.045321664424484,-0.08466424682395646,-0.08779904306220099,-0.0031347962382445305,0.08779904306220099,True,False,0.0052631578947368585,-0.07049441786283889,-0.07575757575757575
917,0.27151728909069156,0.5917746227458753,0.025408348457350294,0.03429027113237637,0.008881922675026077,-0.03429027113237637,False,False,0.05117967332123413,0.0532695374800638,0.0020898641588296685
918,4.92272091529905,3.4569021201297865,0.102994555353902,-0.03389154704944175,-0.13688610240334376,0.03389154704944175,False,False,0.052177858439201474,-0.05701754385964908,-0.10919540229885055
919,1.5920727676122455,0.510071584375464,0.028312159709618867,-0.05031897926634765,-0.07863113897596652,0.05031897926634765,False,False,0.00907441016333943,-0.019138755980861233,-0.028213166144200663
920,7.005742947444521,7.039425136555668,0.03493647912885661,0.1626794258373206,0.12774294670846398,-0.1626794258373206,False,False,0.05880217785843922,0.1559808612440191,0.09717868338557989
921,1.649759016667691,1.6928933919212306,0.057985480943738676,-0.02169059011164276,-0.07967607105538144,0.02169059011164276,False,False,0.08375680580762251,-0.002711323763955331,-0.08646812957157785
922,0.12610264510912467,0.0009952347323145684,0.012976406533575235,-0.00948963317384377,-0.022466039707419005,0.00948963317384377,False,False,-0.02540834845735024,0.011164274322169099,0.03657262277951934
923,3.247610384846261,4.082621884902615,-0.11724137931034478,-0.031818181818181746,0.08542319749216304,0.031818181818181746,False,False,-0.159437386569873,-0.06251993620414675,0.09691745036572624
924,0.6878774504314057,0.6273950491201641,-0.01098003629764066,0.0389154704944179,0.049895506792058564,-0.0389154704944179,False,False,-0.03402903811252267,0.018740031897926668,0.05276907001044934
925,2.485077218925521,3.0456837138617607,-0.0368421052631579,0.06164274322169061,0.09848484848484851,-0.06164274322169061,False,False,-0.06851179673321234,0.049043062200956944,0.11755485893416928
926,0.6172684157907917,0.5624918114827745,0.05317604355716876,0.03724082934609241,-0.015935214211076354,-0.03724082934609241,False,False,0.023411978221415608,0.05031897926634771,0.0269070010449321
927,1.7820843443220122,3.0232059413789685,0.08956442831215972,0.03261562998405099,-0.05694879832810873,-0.03261562998405099,False,False,0.12205081669691475,0.018341307814992047,-0.10370950888192271
928,4.3526084708234505,6.87714863381237,0.005353901996370314,-0.11220095693779897,-0.11755485893416928,0.11220095693779897,False,False,0.018693284936479038,-0.1370015948963318,-0.15569487983281083
929,0.3081873584960286,1.3862260959489061,0.03212341197822144,0.001036682615629947,-0.031086729362591492,-0.001036682615629947,False,False,0.03303085299455538,-0.0675438596491228,-0.10057471264367818
930,3.7459036712888185,3.1880694958520057,-0.12295825771324864,-0.10885167464114831,0.014106583072100332,0.10885167464114831,False,True,-0.07803992740471866,-0.07934609250398722,-0.0013061650992685636
931,0.24895792456400379,0.577218495344692,-0.033938294010889325,-0.022966507177033524,0.010971786833855801,0.022966507177033524,False,True,-0.02059891107078038,-0.04776714513556618,-0.0271682340647858
932,0.27581378223627495,0.6170247893268404,0.0024500907441016295,-0.027591706539074945,-0.030041797283176574,0.027591706539074945,False,True,-0.05889292196007262,-0.06881977671451361,-0.009926854754440995
933,1.6086814336220527,2.6746583595440234,0.010072595281306662,0.07511961722488036,0.0650470219435737,-0.07511961722488036,False,False,0.03584392014519061,0.09409888357256779,0.05825496342737718
934,2.326706483210369,1.6661284868036967,-0.07704174228675137,0.014912280701754432,0.0919540229885058,-0.014912280701754432,False,False,-0.06179673321234119,0.01578947368421052,0.07758620689655171
935,0.22575464116795285,0.4594842499011013,-0.02531760435571684,-0.030542264752791093,-0.0052246603970742544,0.030542264752791093,True,True,-0.01869328493647915,-0.02208931419457738,-0.003396029258098232
936,2.3290379135994472,2.514599142191944,0.10199637023593461,0.07639553429027107,-0.025600835945663536,-0.07639553429027107,False,False,0.12776769509981856,0.09537480063795856,-0.03239289446186
937,0.6877109196893278,2.2221103326259892,-0.051179673321234076,-0.007814992025518386,0.04336468129571569,0.007814992025518386,False,False,-0.091470054446461,-0.012838915470494427,0.07863113897596657
938,2.5825976214857636,2.7363128662552696,0.10871143375680581,0.043141945773524704,-0.0655694879832811,-0.043141945773524704,False,False,0.09809437386569869,0.06674641148325361,-0.03134796238244508
939,0.05221850587433138,0.1343123122924598,-0.014791288566243121,-0.012440191387559807,0.0023510971786833146,0.012440191387559807,False,True,-0.01869328493647915,-0.02208931419457738,-0.003396029258098232
940,1.5918063184249238,2.596912065609532,0.079038112522686,0.0145135566188197,-0.0645245559038663,-0.0145135566188197,False,False,0.12205081669691475,0.018341307814992047,-0.10370950888192271
941,3.699419390150413,3.256430740095718,-0.06932849364791294,-0.12862838915470498,-0.059299895506792044,0.12862838915470498,True,False,-0.08666061705989109,-0.07177033492822965,0.014890282131661436
942,3.7227225919917153,2.5429241360408406,0.003357531760435517,0.10837320574162679,0.10501567398119127,-0.10837320574162679,False,False,-0.05317604355716882,0.00821371610845295,0.06138975966562177
943,0.9408376476462443,0.454624243273637,0.0005444646098003991,-0.0532695374800638,-0.0538140020898642,0.0532695374800638,False,False,0.049274047186932846,0.027591706539075,-0.021682340647857845
944,1.1032606314186009,3.018746179794529,-0.05980036297640656,-0.00023923444976070574,0.05956112852664586,0.00023923444976070574,False,False,-0.15081669691470057,-0.07009569377990432,0.08072100313479624
945,1.5347861923377852,0.9825743014815338,-0.08275862068965512,-0.06212121212121213,0.020637408568442983,0.06212121212121213,False,False,-0.07613430127041748,-0.053668261562998476,0.022466039707419005
946,1.5920727676122455,3.0883829231374653,0.028312159709618867,-0.05031897926634765,-0.07863113897596652,0.05031897926634765,False,False,0.06079854809437385,-0.06459330143540665,-0.1253918495297805
947,3.285979067820781,2.4625793641117917,-0.07794918330308531,-0.12105263157894741,-0.0431034482758621,0.12105263157894741,True,True,-0.02059891107078038,-0.04776714513556618,-0.0271682340647858
948,0.37290120486711914,0.01794868664665918,0.021597096188747722,-0.01706539074960134,-0.03866248693834906,0.01706539074960134,False,True,-0.01869328493647915,-0.02208931419457738,-0.003396029258098232
949,0.7504819074028543,0.4959739032962221,0.030217785843920097,-0.024641148325358908,-0.054858934169279006,0.024641148325358908,False,True,-0.0483666061705989,-0.05071770334928233,-0.0023510971786834256
950,1.7820843443220122,2.941302617205789,0.08956442831215972,0.03261562998405099,-0.05694879832810873,-0.03261562998405099,False,False,0.09999999999999998,0.09242424242424241,-0.007575757575757569
951,0.5454603598072224,0.7481813177203067,-0.035843920145190555,-0.04864433811802238,-0.012800417972831823,0.04864433811802238,True,True,-0.03974591651542653,-0.0582934609250399,-0.01854754440961337
952,0.6878774504314057,1.7004020000339102,-0.01098003629764066,0.0389154704944179,0.049895506792058564,-0.0389154704944179,False,False,-0.05989110707803991,0.041467304625199375,0.10135841170323928
953,3.1346026232728645,3.6339590958872923,-0.08566243194192374,0.022488038277512,0.10815047021943575,-0.022488038277512,False,False,-0.06851179673321234,0.049043062200956944,0.11755485893416928
954,3.3457080939790402,3.7899365226220327,-0.04546279491833033,0.06921850079744818,0.11468129571577851,-0.06921850079744818,False,False,-0.028312159709618867,0.09577352472089312,0.12408568443051199
955,1.5700907096580945,0.6175005644954897,0.06560798548094371,0.08102073365231266,0.01541274817136895,-0.08102073365231266,False,False,0.05980036297640651,0.04569377990430623,-0.014106583072100276
956,3.577618805395356,4.863626335028501,-0.1277676950998185,-0.04992025518341314,0.07784743991640536,0.04992025518341314,False,False,-0.13166969147005447,-0.059569377990430605,0.07210031347962387
957,1.1032606314186009,1.9305265255519004,-0.05980036297640656,-0.00023923444976070574,0.05956112852664586,0.00023923444976070574,False,False,-0.09627949183303086,0.046092503987240796,0.14237199582027166
958,0.8538419879852633,0.6190056252515782,-0.030127041742286753,0.028389154704944186,0.05851619644723094,-0.028389154704944186,False,False,-0.014882032667876577,0.02926634768740033,0.044148380355276906
959,0.8113322405577617,1.2516866984501873,0.06179673321234114,0.02966507177033484,-0.0321316614420063,-0.02966507177033484,False,False,0.09809437386569869,0.06674641148325361,-0.03134796238244508
960,1.1239548516340268,0.7894084735626556,0.07232304900181485,0.047767145135566125,-0.02455590386624873,-0.047767145135566125,False,False,0.07032667876588022,0.06379585326953752,-0.006530825496342707
961,2.9894655305280944,2.1012713704030825,0.09528130671506357,0.10964912280701761,0.014367816091954033,-0.10964912280701761,False,False,0.03393829401088927,0.06842105263157894,0.03448275862068967
962,3.1774454321845202,3.1728407908943623,0.11733212341197818,0.035566188197767135,-0.08176593521421105,-0.035566188197767135,False,False,0.08947368421052632,0.07432216905901118,-0.015151515151515138
963,2.2883378002358485,2.891426144005821,0.02059891107078038,0.09322169059011165,0.07262277951933127,-0.09322169059011165,False,False,0.07413793103448274,0.11515151515151512,0.041013584117032376
964,2.520204103454278,2.9753135036623743,-0.06651542649727765,0.03301435406698572,0.09952978056426337,-0.03301435406698572,False,False,-0.10871143375680581,0.0023125996810207106,0.11102403343782652
965,6.342983900126795,6.020613392136421,-0.11152450090744098,0.04521531100478471,0.1567398119122257,-0.04521531100478471,False,False,-0.07713248638838471,0.05661881977671451,0.13375130616509923
966,1.1744136664833331,0.5886954054297525,-0.049274047186932846,0.01786283891547058,0.06713688610240343,-0.01786283891547058,False,False,-0.04646098003629762,-0.025039872408293418,0.0214211076280042
967,7.87916338348955,8.706446488157834,0.0732304900181488,0.1837320574162679,0.11050156739811912,-0.1837320574162679,False,False,0.08656987295825769,0.1589314194577352,0.07236154649947751
968,3.568626145323202,3.959901896445335,0.06470054446460971,-0.054944178628389184,-0.1196447230929989,0.054944178628389184,False,False,0.1392921960072595,0.003189792663476909,-0.1361024033437826
969,0.6172684157907917,0.6543081950243566,0.05317604355716876,0.03724082934609241,-0.015935214211076354,-0.03724082934609241,False,False,0.07032667876588022,0.06379585326953752,-0.006530825496342707
970,1.6495924859256146,2.727187362692214,-0.06842105263157894,0.007336523125996863,0.0757575757575758,-0.007336523125996863,False,False,-0.06851179673321234,0.049043062200956944,0.11755485893416928
971,0.8238997605598323,0.3433872002059061,-0.06170598911070779,-0.025917065390749672,0.03578892371995812,0.025917065390749672,False,False,-0.006261343012704146,0.02169059011164276,0.027951933124346906
972,2.581987008764813,1.888287565807431,-0.1105263157894737,-0.06507177033492828,0.045454545454545414,0.06507177033492828,False,True,-0.07803992740471866,-0.07934609250398722,-0.0013061650992685636
973,0.9408376476462443,1.5044885472120477,0.0005444646098003991,-0.0532695374800638,-0.0538140020898642,0.0532695374800638,False,False,0.003357531760435517,-0.09617224880382774,-0.09952978056426326
974,1.071786321166063,1.0569144782593807,0.04936479128856619,-0.014114832535885191,-0.06347962382445138,0.014114832535885191,False,False,0.06842105263157894,0.03811802232854866,-0.030303030303030276
975,1.1032606314186009,0.8621290944871254,-0.05980036297640656,-0.00023923444976070574,0.05956112852664586,0.00023923444976070574,False,False,0.004264972776769516,0.03979266347687399,0.035527690700104475
976,1.6233805471227059,2.43518385136057,-0.05689655172413788,-0.08484848484848484,-0.02795193312434696,0.08484848484848484,True,True,-0.08856624319419237,-0.0974481658692185,-0.008881922675026133
977,0.06771696693695724,0.24798496001129955,0.014882032667876577,0.016188197767145085,0.001306165099268508,-0.016188197767145085,False,False,0.021506352087114322,0.024641148325358853,0.0031347962382445305
978,3.92603442396869,4.351363065651594,0.06941923774954634,0.13237639553429031,0.06295715778474398,-0.13237639553429031,False,False,0.10381125226860255,0.14377990430622006,0.039968652037617514
979,0.24895792456400379,0.23011105719631583,-0.033938294010889325,-0.022966507177033524,0.010971786833855801,0.022966507177033524,False,True,-0.02059891107078038,-0.04776714513556618,-0.0271682340647858
980,0.5837846345838578,0.9146740263819284,0.011070780399274116,-0.035167464114832514,-0.04623824451410663,0.035167464114832514,False,True,-0.02059891107078038,-0.04776714513556618,-0.0271682340647858
981,2.1094837832452336,1.861196502283979,-0.09328493647912883,-0.08022328548644342,0.013061650992685414,0.08022328548644342,False,False,-0.08475499092558991,-0.04609250398724085,0.03866248693834906
982,1.433535501155018,0.7888176921857927,-0.07413793103448274,-0.0696969696969697,0.0044409613375130386,0.0696969696969697,False,True,-0.03974591651542653,-0.0582934609250399,-0.01854754440961337
983,0.14365498532403265,0.6723469601341948,0.006261343012704201,0.023763955342902654,0.017502612330198453,-0.023763955342902654,False,False,0.08756805807622503,0.04864433811802238,-0.03892371995820265
984,0.27581378223627495,0.07460151469294732,0.0024500907441016295,-0.027591706539074945,-0.030041797283176574,0.027591706539074945,False,False,0.017695099818511806,-0.026714513556618802,-0.04440961337513061
985,1.0751946503539052,2.2628134263476323,-0.00045372050816694376,0.05701754385964919,0.05747126436781613,-0.05701754385964919,False,False,0.02912885662431941,0.12735247208931416,0.09822361546499475
986,2.080562944371212,1.199220862183122,0.04836660617059896,0.0961722488038278,0.04780564263322884,-0.0961722488038278,False,False,0.05789473684210528,0.020015948963317376,-0.0378787878787879
987,0.44672983385455417,0.4332532740068523,-0.021506352087114378,0.020813397129186617,0.042319749216300995,-0.020813397129186617,False,False,-0.044555353901996386,0.0006379585326953818,0.04519331243469177
988,6.783424406771828,6.746544190591751,-0.17468239564428306,-0.06339712918660279,0.11128526645768028,0.06339712918660279,False,False,-0.147005444646098,-0.018740031897926612,0.12826541274817138
989,1.3876285265891493,1.7938901569746268,0.08094373865698723,0.040191387559808556,-0.040752351097178674,-0.040191387559808556,False,False,0.09809437386569869,0.06674641148325361,-0.03134796238244508
990,2.1877088238235016,1.298873585384234,0.09337568058076223,0.08397129186602875,-0.00940438871473348,-0.08397129186602875,False,False,0.05980036297640651,0.04569377990430623,-0.014106583072100276
991,0.8538419879852633,0.29893979568872864,-0.030127041742286753,0.028389154704944186,0.05851619644723094,-0.028389154704944186,False,False,0.012885662431941891,0.03221690590111642,0.01933124346917453
992,0.4029433507377954,0.22959908170997684,-0.0425589836660617,-0.015390749601275955,0.027168234064785746,0.015390749601275955,False,False,0.00045372050816699927,-0.011562998405103664,-0.012016718913270663
993,1.1361782081024725,0.6749135126972765,0.07041742286751351,0.02208931419457727,-0.04832810867293624,-0.02208931419457727,False,False,0.06651542649727765,0.012440191387559807,-0.054075235109717845
994,5.955133801829647,4.597196809813417,-0.16796733212341197,-0.09665071770334932,0.07131661442006265,0.09665071770334932,False,False,-0.11633393829401095,-0.10039872408293465,0.0159352142110763
995,1.3994633113260806,2.0178209541767473,-0.08085299455535389,-0.03644338118022328,0.04440961337513061,0.03644338118022328,False,False,-0.13357531760435576,-0.08524720893141952,0.04832810867293624
996,4.563880472271706,3.3260438491556217,0.08856624319419237,0.14290271132376398,0.0543364681295716,-0.14290271132376398,False,False,0.08275862068965517,0.10757575757575755,0.024817136886102376
997,0.5454603598072224,0.506339087610234,-0.035843920145190555,-0.04864433811802238,-0.012800417972831823,0.04864433811802238,True,False,-0.037840290381125186,-0.03261562998405104,0.005224660397074143
998,0.7504819074028543,0.2712984823378858,0.030217785843920097,-0.024641148325358908,-0.054858934169279006,0.024641148325358908,False,False,0.028221415607985467,-0.008612440191387571,-0.03683385579937304
999,0.6878774504314057,0.35705782158030275,-0.01098003629764066,0.0389154704944179,0.049895506792058564,-0.0389154704944179,False,False,-0.027313974591651524,-0.014513556618819756,0.012800417972831768
1000,2.3363541642013566,3.0706371659032925,-0.03965517241379313,-0.09999999999999998,-0.06034482758620685,0.09999999999999998,True,True,-0.0071687840290382,-0.11427432216905908,-0.10710553814002088
